Year,State,Real GDP,Unit,State_Code
2000,Alabama,156559.9,Millions of chained 2012 dollars,AL
2001,Alabama,156403.9,Millions of chained 2012 dollars,AL
2002,Alabama,160870.1,Millions of chained 2012 dollars,AL
2003,Alabama,164991.9,Millions of chained 2012 dollars,AL
2004,Alabama,175508.4,Millions of chained 2012 dollars,AL
2005,Alabama,181385.9,Millions of chained 2012 dollars,AL
2006,Alabama,184796.4,Millions of chained 2012 dollars,AL
2007,Alabama,185868.8,Millions of chained 2012 dollars,AL
2008,Alabama,185297.9,Millions of chained 2012 dollars,AL
2009,Alabama,178021.4,Millions of chained 2012 dollars,AL
2010,Alabama,182262.7,Millions of chained 2012 dollars,AL
2011,Alabama,185054.8,Millions of chained 2012 dollars,AL
2012,Alabama,186299.0,Millions of chained 2012 dollars,AL
2013,Alabama,188165.1,Millions of chained 2012 dollars,AL
2014,Alabama,186849.0,Millions of chained 2012 dollars,AL
2015,Alabama,189339.1,Millions of chained 2012 dollars,AL
2016,Alabama,190703.0,Millions of chained 2012 dollars,AL
2000,Alaska,39516.9,Millions of chained 2012 dollars,AK
2001,Alaska,40973.8,Millions of chained 2012 dollars,AK
2002,Alaska,42881.0,Millions of chained 2012 dollars,AK
2003,Alaska,42150.5,Millions of chained 2012 dollars,AK
2004,Alaska,43735.3,Millions of chained 2012 dollars,AK
2005,Alaska,45051.6,Millions of chained 2012 dollars,AK
2006,Alaska,48517.1,Millions of chained 2012 dollars,AK
2007,Alaska,51114.0,Millions of chained 2012 dollars,AK
2008,Alaska,50884.0,Millions of chained 2012 dollars,AK
2009,Alaska,55837.6,Millions of chained 2012 dollars,AK
2010,Alaska,54151.4,Millions of chained 2012 dollars,AK
2011,Alaska,54645.7,Millions of chained 2012 dollars,AK
2012,Alaska,57670.1,Millions of chained 2012 dollars,AK
2013,Alaska,54750.0,Millions of chained 2012 dollars,AK
2014,Alaska,53273.0,Millions of chained 2012 dollars,AK
2015,Alaska,53798.7,Millions of chained 2012 dollars,AK
2016,Alaska,52710.7,Millions of chained 2012 dollars,AK
2000,Arizona,207793.3,Millions of chained 2012 dollars,AZ
2001,Arizona,212656.2,Millions of chained 2012 dollars,AZ
2002,Arizona,219311.3,Millions of chained 2012 dollars,AZ
2003,Arizona,233342.0,Millions of chained 2012 dollars,AZ
2004,Arizona,243246.0,Millions of chained 2012 dollars,AZ
2005,Arizona,263061.0,Millions of chained 2012 dollars,AZ
2006,Arizona,277288.3,Millions of chained 2012 dollars,AZ
2007,Arizona,284907.0,Millions of chained 2012 dollars,AZ
2008,Arizona,277477.1,Millions of chained 2012 dollars,AZ
2009,Arizona,255080.7,Millions of chained 2012 dollars,AZ
2010,Arizona,257484.7,Millions of chained 2012 dollars,AZ
2011,Arizona,263211.1,Millions of chained 2012 dollars,AZ
2012,Arizona,268288.8,Millions of chained 2012 dollars,AZ
2013,Arizona,270148.9,Millions of chained 2012 dollars,AZ
2014,Arizona,273677.1,Millions of chained 2012 dollars,AZ
2015,Arizona,280229.5,Millions of chained 2012 dollars,AZ
2016,Arizona,289230.4,Millions of chained 2012 dollars,AZ
2000,Arkansas,90206.3,Millions of chained 2012 dollars,AR
2001,Arkansas,89922.7,Millions of chained 2012 dollars,AR
2002,Arkansas,92884.9,Millions of chained 2012 dollars,AR
2003,Arkansas,96544.8,Millions of chained 2012 dollars,AR
2004,Arkansas,101210.2,Millions of chained 2012 dollars,AR
2005,Arkansas,104653.3,Millions of chained 2012 dollars,AR
2006,Arkansas,106940.0,Millions of chained 2012 dollars,AR
2007,Arkansas,106155.3,Millions of chained 2012 dollars,AR
2008,Arkansas,105791.0,Millions of chained 2012 dollars,AR
2009,Arkansas,102528.1,Millions of chained 2012 dollars,AR
2010,Arkansas,105922.5,Millions of chained 2012 dollars,AR
2011,Arkansas,108295.4,Millions of chained 2012 dollars,AR
2012,Arkansas,108745.2,Millions of chained 2012 dollars,AR
2013,Arkansas,111778.9,Millions of chained 2012 dollars,AR
2014,Arkansas,112932.1,Millions of chained 2012 dollars,AR
2015,Arkansas,113860.9,Millions of chained 2012 dollars,AR
2016,Arkansas,114541.2,Millions of chained 2012 dollars,AR
2000,California,1709938.7,Millions of chained 2012 dollars,CA
2001,California,1702775.7,Millions of chained 2012 dollars,CA
2002,California,1743650.6,Millions of chained 2012 dollars,CA
2003,California,1825424.0,Millions of chained 2012 dollars,CA
2004,California,1902318.8,Millions of chained 2012 dollars,CA
2005,California,1990140.8,Millions of chained 2012 dollars,CA
2006,California,2072177.0,Millions of chained 2012 dollars,CA
2007,California,2103618.2,Millions of chained 2012 dollars,CA
2008,California,2111138.0,Millions of chained 2012 dollars,CA
2009,California,2026486.9,Millions of chained 2012 dollars,CA
2010,California,2058137.9,Millions of chained 2012 dollars,CA
2011,California,2091586.0,Millions of chained 2012 dollars,CA
2012,California,2144497.3,Millions of chained 2012 dollars,CA
2013,California,2220867.6,Millions of chained 2012 dollars,CA
2014,California,2312540.1,Millions of chained 2012 dollars,CA
2015,California,2428598.4,Millions of chained 2012 dollars,CA
2016,California,2500950.4,Millions of chained 2012 dollars,CA
2000,Colorado,232752.0,Millions of chained 2012 dollars,CO
2001,Colorado,236382.6,Millions of chained 2012 dollars,CO
2002,Colorado,236785.5,Millions of chained 2012 dollars,CO
2003,Colorado,238539.8,Millions of chained 2012 dollars,CO
2004,Colorado,240797.5,Millions of chained 2012 dollars,CO
2005,Colorado,250839.6,Millions of chained 2012 dollars,CO
2006,Colorado,256124.3,Millions of chained 2012 dollars,CO
2007,Colorado,264577.0,Millions of chained 2012 dollars,CO
2008,Colorado,267713.2,Millions of chained 2012 dollars,CO
2009,Colorado,262379.8,Millions of chained 2012 dollars,CO
2010,Colorado,264791.1,Millions of chained 2012 dollars,CO
2011,Colorado,268680.8,Millions of chained 2012 dollars,CO
2012,Colorado,273519.5,Millions of chained 2012 dollars,CO
2013,Colorado,282533.9,Millions of chained 2012 dollars,CO
2014,Colorado,295698.6,Millions of chained 2012 dollars,CO
2015,Colorado,309179.6,Millions of chained 2012 dollars,CO
2016,Colorado,316751.8,Millions of chained 2012 dollars,CO
2000,Connecticut,216370.0,Millions of chained 2012 dollars,CT
2001,Connecticut,220287.4,Millions of chained 2012 dollars,CT
2002,Connecticut,219959.4,Millions of chained 2012 dollars,CT
2003,Connecticut,222240.4,Millions of chained 2012 dollars,CT
2004,Connecticut,237132.6,Millions of chained 2012 dollars,CT
2005,Connecticut,242485.4,Millions of chained 2012 dollars,CT
2006,Connecticut,251581.3,Millions of chained 2012 dollars,CT
2007,Connecticut,261129.1,Millions of chained 2012 dollars,CT
2008,Connecticut,259721.9,Millions of chained 2012 dollars,CT
2009,Connecticut,248040.6,Millions of chained 2012 dollars,CT
2010,Connecticut,247460.8,Millions of chained 2012 dollars,CT
2011,Connecticut,242019.5,Millions of chained 2012 dollars,CT
2012,Connecticut,243801.0,Millions of chained 2012 dollars,CT
2013,Connecticut,241081.2,Millions of chained 2012 dollars,CT
2014,Connecticut,237784.3,Millions of chained 2012 dollars,CT
2015,Connecticut,242910.7,Millions of chained 2012 dollars,CT
2016,Connecticut,242793.9,Millions of chained 2012 dollars,CT
2000,Delaware,56109.0,Millions of chained 2012 dollars,DE
2001,Delaware,58881.6,Millions of chained 2012 dollars,DE
2002,Delaware,56814.0,Millions of chained 2012 dollars,DE
2003,Delaware,57957.3,Millions of chained 2012 dollars,DE
2004,Delaware,60682.3,Millions of chained 2012 dollars,DE
2005,Delaware,59973.5,Millions of chained 2012 dollars,DE
2006,Delaware,61496.8,Millions of chained 2012 dollars,DE
2007,Delaware,61235.1,Millions of chained 2012 dollars,DE
2008,Delaware,58656.4,Millions of chained 2012 dollars,DE
2009,Delaware,60404.2,Millions of chained 2012 dollars,DE
2010,Delaware,60016.1,Millions of chained 2012 dollars,DE
2011,Delaware,62017.4,Millions of chained 2012 dollars,DE
2012,Delaware,61975.8,Millions of chained 2012 dollars,DE
2013,Delaware,59157.1,Millions of chained 2012 dollars,DE
2014,Delaware,63499.5,Millions of chained 2012 dollars,DE
2015,Delaware,65876.1,Millions of chained 2012 dollars,DE
2016,Delaware,63108.7,Millions of chained 2012 dollars,DE
2000,District of Columbia,85265.3,Millions of chained 2012 dollars,DC
2001,District of Columbia,88505.8,Millions of chained 2012 dollars,DC
2002,District of Columbia,91195.4,Millions of chained 2012 dollars,DC
2003,District of Columbia,93025.0,Millions of chained 2012 dollars,DC
2004,District of Columbia,97797.8,Millions of chained 2012 dollars,DC
2005,District of Columbia,99954.6,Millions of chained 2012 dollars,DC
2006,District of Columbia,100242.1,Millions of chained 2012 dollars,DC
2007,District of Columbia,102956.5,Millions of chained 2012 dollars,DC
2008,District of Columbia,106746.8,Millions of chained 2012 dollars,DC
2009,District of Columbia,106351.3,Millions of chained 2012 dollars,DC
2010,District of Columbia,109964.1,Millions of chained 2012 dollars,DC
2011,District of Columbia,112008.3,Millions of chained 2012 dollars,DC
2012,District of Columbia,112736.5,Millions of chained 2012 dollars,DC
2013,District of Columbia,112677.9,Millions of chained 2012 dollars,DC
2014,District of Columbia,114910.5,Millions of chained 2012 dollars,DC
2015,District of Columbia,117238.4,Millions of chained 2012 dollars,DC
2016,District of Columbia,119567.3,Millions of chained 2012 dollars,DC
2000,Florida,642692.9,Millions of chained 2012 dollars,FL
2001,Florida,658640.0,Millions of chained 2012 dollars,FL
2002,Florida,685304.0,Millions of chained 2012 dollars,FL
2003,Florida,715436.1,Millions of chained 2012 dollars,FL
2004,Florida,757054.1,Millions of chained 2012 dollars,FL
2005,Florida,806338.6,Millions of chained 2012 dollars,FL
2006,Florida,834345.9,Millions of chained 2012 dollars,FL
2007,Florida,835867.1,Millions of chained 2012 dollars,FL
2008,Florida,803217.9,Millions of chained 2012 dollars,FL
2009,Florida,758264.1,Millions of chained 2012 dollars,FL
2010,Florida,766199.2,Millions of chained 2012 dollars,FL
2011,Florida,763745.9,Millions of chained 2012 dollars,FL
2012,Florida,769309.1,Millions of chained 2012 dollars,FL
2013,Florida,784090.1,Millions of chained 2012 dollars,FL
2014,Florida,805278.0,Millions of chained 2012 dollars,FL
2015,Florida,839124.3,Millions of chained 2012 dollars,FL
2016,Florida,866731.0,Millions of chained 2012 dollars,FL
2000,Georgia,393195.1,Millions of chained 2012 dollars,GA
2001,Georgia,396875.1,Millions of chained 2012 dollars,GA
2002,Georgia,400091.8,Millions of chained 2012 dollars,GA
2003,Georgia,410587.6,Millions of chained 2012 dollars,GA
2004,Georgia,429313.5,Millions of chained 2012 dollars,GA
2005,Georgia,445533.2,Millions of chained 2012 dollars,GA
2006,Georgia,450584.1,Millions of chained 2012 dollars,GA
2007,Georgia,453061.4,Millions of chained 2012 dollars,GA
2008,Georgia,443416.0,Millions of chained 2012 dollars,GA
2009,Georgia,426263.8,Millions of chained 2012 dollars,GA
2010,Georgia,433027.3,Millions of chained 2012 dollars,GA
2011,Georgia,439890.5,Millions of chained 2012 dollars,GA
2012,Georgia,444132.2,Millions of chained 2012 dollars,GA
2013,Georgia,450771.8,Millions of chained 2012 dollars,GA
2014,Georgia,465646.0,Millions of chained 2012 dollars,GA
2015,Georgia,481575.7,Millions of chained 2012 dollars,GA
2016,Georgia,498266.8,Millions of chained 2012 dollars,GA
2000,Hawaii,56417.2,Millions of chained 2012 dollars,HI
2001,Hawaii,56019.3,Millions of chained 2012 dollars,HI
2002,Hawaii,57911.8,Millions of chained 2012 dollars,HI
2003,Hawaii,60838.1,Millions of chained 2012 dollars,HI
2004,Hawaii,64928.3,Millions of chained 2012 dollars,HI
2005,Hawaii,68565.5,Millions of chained 2012 dollars,HI
2006,Hawaii,70402.9,Millions of chained 2012 dollars,HI
2007,Hawaii,71191.7,Millions of chained 2012 dollars,HI
2008,Hawaii,71689.3,Millions of chained 2012 dollars,HI
2009,Hawaii,69094.8,Millions of chained 2012 dollars,HI
2010,Hawaii,71006.5,Millions of chained 2012 dollars,HI
2011,Hawaii,72080.2,Millions of chained 2012 dollars,HI
2012,Hawaii,73582.7,Millions of chained 2012 dollars,HI
2013,Hawaii,74277.5,Millions of chained 2012 dollars,HI
2014,Hawaii,74529.3,Millions of chained 2012 dollars,HI
2015,Hawaii,77185.4,Millions of chained 2012 dollars,HI
2016,Hawaii,78905.1,Millions of chained 2012 dollars,HI
2000,Idaho,47324.5,Millions of chained 2012 dollars,ID
2001,Idaho,46062.2,Millions of chained 2012 dollars,ID
2002,Idaho,47208.0,Millions of chained 2012 dollars,ID
2003,Idaho,48535.8,Millions of chained 2012 dollars,ID
2004,Idaho,51241.4,Millions of chained 2012 dollars,ID
2005,Idaho,55387.1,Millions of chained 2012 dollars,ID
2006,Idaho,57589.6,Millions of chained 2012 dollars,ID
2007,Idaho,58703.1,Millions of chained 2012 dollars,ID
2008,Idaho,59703.9,Millions of chained 2012 dollars,ID
2009,Idaho,57087.5,Millions of chained 2012 dollars,ID
2010,Idaho,57906.7,Millions of chained 2012 dollars,ID
2011,Idaho,57796.7,Millions of chained 2012 dollars,ID
2012,Idaho,57764.4,Millions of chained 2012 dollars,ID
2013,Idaho,59830.6,Millions of chained 2012 dollars,ID
2014,Idaho,61394.5,Millions of chained 2012 dollars,ID
2015,Idaho,63097.5,Millions of chained 2012 dollars,ID
2016,Idaho,65535.3,Millions of chained 2012 dollars,ID
2000,Illinois,641749.2,Millions of chained 2012 dollars,IL
2001,Illinois,644181.3,Millions of chained 2012 dollars,IL
2002,Illinois,647867.5,Millions of chained 2012 dollars,IL
2003,Illinois,655834.7,Millions of chained 2012 dollars,IL
2004,Illinois,673262.4,Millions of chained 2012 dollars,IL
2005,Illinois,685896.7,Millions of chained 2012 dollars,IL
2006,Illinois,704494.5,Millions of chained 2012 dollars,IL
2007,Illinois,712709.8,Millions of chained 2012 dollars,IL
2008,Illinois,699429.5,Millions of chained 2012 dollars,IL
2009,Illinois,682965.6,Millions of chained 2012 dollars,IL
2010,Illinois,694961.1,Millions of chained 2012 dollars,IL
2011,Illinois,707059.5,Millions of chained 2012 dollars,IL
2012,Illinois,720702.3,Millions of chained 2012 dollars,IL
2013,Illinois,724616.4,Millions of chained 2012 dollars,IL
2014,Illinois,735035.6,Millions of chained 2012 dollars,IL
2015,Illinois,744517.8,Millions of chained 2012 dollars,IL
2016,Illinois,747168.0,Millions of chained 2012 dollars,IL
2000,Indiana,263693.4,Millions of chained 2012 dollars,IN
2001,Indiana,258661.2,Millions of chained 2012 dollars,IN
2002,Indiana,265106.0,Millions of chained 2012 dollars,IN
2003,Indiana,275194.4,Millions of chained 2012 dollars,IN
2004,Indiana,284656.3,Millions of chained 2012 dollars,IN
2005,Indiana,285491.9,Millions of chained 2012 dollars,IN
2006,Indiana,291269.1,Millions of chained 2012 dollars,IN
2007,Indiana,299422.9,Millions of chained 2012 dollars,IN
2008,Indiana,298263.8,Millions of chained 2012 dollars,IN
2009,Indiana,277473.9,Millions of chained 2012 dollars,IN
2010,Indiana,295133.2,Millions of chained 2012 dollars,IN
2011,Indiana,296472.0,Millions of chained 2012 dollars,IN
2012,Indiana,297552.7,Millions of chained 2012 dollars,IN
2013,Indiana,303919.5,Millions of chained 2012 dollars,IN
2014,Indiana,313740.5,Millions of chained 2012 dollars,IN
2015,Indiana,311600.7,Millions of chained 2012 dollars,IN
2016,Indiana,316635.9,Millions of chained 2012 dollars,IN
2000,Iowa,122158.8,Millions of chained 2012 dollars,IA
2001,Iowa,120668.6,Millions of chained 2012 dollars,IA
2002,Iowa,124096.7,Millions of chained 2012 dollars,IA
2003,Iowa,129316.4,Millions of chained 2012 dollars,IA
2004,Iowa,139748.6,Millions of chained 2012 dollars,IA
2005,Iowa,143876.3,Millions of chained 2012 dollars,IA
2006,Iowa,145887.2,Millions of chained 2012 dollars,IA
2007,Iowa,152251.2,Millions of chained 2012 dollars,IA
2008,Iowa,149131.9,Millions of chained 2012 dollars,IA
2009,Iowa,145618.3,Millions of chained 2012 dollars,IA
2010,Iowa,149535.6,Millions of chained 2012 dollars,IA
2011,Iowa,151247.9,Millions of chained 2012 dollars,IA
2012,Iowa,157250.8,Millions of chained 2012 dollars,IA
2013,Iowa,156636.6,Millions of chained 2012 dollars,IA
2014,Iowa,165088.1,Millions of chained 2012 dollars,IA
2015,Iowa,169375.0,Millions of chained 2012 dollars,IA
2016,Iowa,168876.4,Millions of chained 2012 dollars,IA
2000,Kansas,113971.7,Millions of chained 2012 dollars,KS
2001,Kansas,113853.3,Millions of chained 2012 dollars,KS
2002,Kansas,115552.1,Millions of chained 2012 dollars,KS
2003,Kansas,117477.8,Millions of chained 2012 dollars,KS
2004,Kansas,117882.5,Millions of chained 2012 dollars,KS
2005,Kansas,122257.8,Millions of chained 2012 dollars,KS
2006,Kansas,128899.2,Millions of chained 2012 dollars,KS
2007,Kansas,135667.2,Millions of chained 2012 dollars,KS
2008,Kansas,138657.9,Millions of chained 2012 dollars,KS
2009,Kansas,133276.7,Millions of chained 2012 dollars,KS
2010,Kansas,134944.6,Millions of chained 2012 dollars,KS
2011,Kansas,138562.6,Millions of chained 2012 dollars,KS
2012,Kansas,140477.8,Millions of chained 2012 dollars,KS
2013,Kansas,140505.6,Millions of chained 2012 dollars,KS
2014,Kansas,143425.4,Millions of chained 2012 dollars,KS
2015,Kansas,146173.1,Millions of chained 2012 dollars,KS
2016,Kansas,149927.9,Millions of chained 2012 dollars,KS
2000,Kentucky,152118.1,Millions of chained 2012 dollars,KY
2001,Kentucky,151920.8,Millions of chained 2012 dollars,KY
2002,Kentucky,155676.4,Millions of chained 2012 dollars,KY
2003,Kentucky,159179.8,Millions of chained 2012 dollars,KY
2004,Kentucky,163436.2,Millions of chained 2012 dollars,KY
2005,Kentucky,168805.2,Millions of chained 2012 dollars,KY
2006,Kentucky,173336.6,Millions of chained 2012 dollars,KY
2007,Kentucky,171869.3,Millions of chained 2012 dollars,KY
2008,Kentucky,172150.8,Millions of chained 2012 dollars,KY
2009,Kentucky,165014.9,Millions of chained 2012 dollars,KY
2010,Kentucky,172044.7,Millions of chained 2012 dollars,KY
2011,Kentucky,174136.0,Millions of chained 2012 dollars,KY
2012,Kentucky,176302.3,Millions of chained 2012 dollars,KY
2013,Kentucky,179390.0,Millions of chained 2012 dollars,KY
2014,Kentucky,179989.2,Millions of chained 2012 dollars,KY
2015,Kentucky,181323.1,Millions of chained 2012 dollars,KY
2016,Kentucky,182618.6,Millions of chained 2012 dollars,KY
2000,Louisiana,206684.8,Millions of chained 2012 dollars,LA
2001,Louisiana,209045.6,Millions of chained 2012 dollars,LA
2002,Louisiana,213145.8,Millions of chained 2012 dollars,LA
2003,Louisiana,221239.9,Millions of chained 2012 dollars,LA
2004,Louisiana,231601.7,Millions of chained 2012 dollars,LA
2005,Louisiana,245523.1,Millions of chained 2012 dollars,LA
2006,Louisiana,243332.4,Millions of chained 2012 dollars,LA
2007,Louisiana,234620.4,Millions of chained 2012 dollars,LA
2008,Louisiana,235276.2,Millions of chained 2012 dollars,LA
2009,Louisiana,238666.1,Millions of chained 2012 dollars,LA
2010,Louisiana,247350.9,Millions of chained 2012 dollars,LA
2011,Louisiana,234062.7,Millions of chained 2012 dollars,LA
2012,Louisiana,233623.1,Millions of chained 2012 dollars,LA
2013,Louisiana,226615.9,Millions of chained 2012 dollars,LA
2014,Louisiana,233675.8,Millions of chained 2012 dollars,LA
2015,Louisiana,232457.6,Millions of chained 2012 dollars,LA
2016,Louisiana,228252.5,Millions of chained 2012 dollars,LA
2000,Maine,48523.6,Millions of chained 2012 dollars,ME
2001,Maine,49419.4,Millions of chained 2012 dollars,ME
2002,Maine,50633.0,Millions of chained 2012 dollars,ME
2003,Maine,51728.5,Millions of chained 2012 dollars,ME
2004,Maine,53529.7,Millions of chained 2012 dollars,ME
2005,Maine,53612.5,Millions of chained 2012 dollars,ME
2006,Maine,54270.2,Millions of chained 2012 dollars,ME
2007,Maine,54001.4,Millions of chained 2012 dollars,ME
2008,Maine,53921.0,Millions of chained 2012 dollars,ME
2009,Maine,53063.6,Millions of chained 2012 dollars,ME
2010,Maine,53776.2,Millions of chained 2012 dollars,ME
2011,Maine,53087.8,Millions of chained 2012 dollars,ME
2012,Maine,52874.0,Millions of chained 2012 dollars,ME
2013,Maine,52505.0,Millions of chained 2012 dollars,ME
2014,Maine,53418.0,Millions of chained 2012 dollars,ME
2015,Maine,53780.5,Millions of chained 2012 dollars,ME
2016,Maine,54971.0,Millions of chained 2012 dollars,ME
2000,Maryland,250982.0,Millions of chained 2012 dollars,MD
2001,Maryland,260775.5,Millions of chained 2012 dollars,MD
2002,Maryland,270884.7,Millions of chained 2012 dollars,MD
2003,Maryland,277950.2,Millions of chained 2012 dollars,MD
2004,Maryland,292115.3,Millions of chained 2012 dollars,MD
2005,Maryland,305993.3,Millions of chained 2012 dollars,MD
2006,Maryland,311680.2,Millions of chained 2012 dollars,MD
2007,Maryland,312093.4,Millions of chained 2012 dollars,MD
2008,Maryland,315858.9,Millions of chained 2012 dollars,MD
2009,Maryland,314862.8,Millions of chained 2012 dollars,MD
2010,Maryland,327234.5,Millions of chained 2012 dollars,MD
2011,Maryland,334306.6,Millions of chained 2012 dollars,MD
2012,Maryland,334821.6,Millions of chained 2012 dollars,MD
2013,Maryland,334939.0,Millions of chained 2012 dollars,MD
2014,Maryland,338734.0,Millions of chained 2012 dollars,MD
2015,Maryland,345230.2,Millions of chained 2012 dollars,MD
2016,Maryland,356817.6,Millions of chained 2012 dollars,MD
2000,Massachusetts,359520.8,Millions of chained 2012 dollars,MA
2001,Massachusetts,362434.1,Millions of chained 2012 dollars,MA
2002,Massachusetts,364797.1,Millions of chained 2012 dollars,MA
2003,Massachusetts,373814.3,Millions of chained 2012 dollars,MA
2004,Massachusetts,383486.9,Millions of chained 2012 dollars,MA
2005,Massachusetts,390792.3,Millions of chained 2012 dollars,MA
2006,Massachusetts,397742.6,Millions of chained 2012 dollars,MA
2007,Massachusetts,407973.8,Millions of chained 2012 dollars,MA
2008,Massachusetts,412600.5,Millions of chained 2012 dollars,MA
2009,Massachusetts,408061.8,Millions of chained 2012 dollars,MA
2010,Massachusetts,424581.3,Millions of chained 2012 dollars,MA
2011,Massachusetts,434723.5,Millions of chained 2012 dollars,MA
2012,Massachusetts,444329.8,Millions of chained 2012 dollars,MA
2013,Massachusetts,444865.8,Millions of chained 2012 dollars,MA
2014,Massachusetts,453884.2,Millions of chained 2012 dollars,MA
2015,Massachusetts,471135.3,Millions of chained 2012 dollars,MA
2016,Massachusetts,478961.0,Millions of chained 2012 dollars,MA
2000,Michigan,438277.0,Millions of chained 2012 dollars,MI
2001,Michigan,423623.6,Millions of chained 2012 dollars,MI
2002,Michigan,435250.4,Millions of chained 2012 dollars,MI
2003,Michigan,443794.7,Millions of chained 2012 dollars,MI
2004,Michigan,444198.2,Millions of chained 2012 dollars,MI
2005,Michigan,450745.9,Millions of chained 2012 dollars,MI
2006,Michigan,443308.3,Millions of chained 2012 dollars,MI
2007,Michigan,441148.5,Millions of chained 2012 dollars,MI
2008,Michigan,416701.8,Millions of chained 2012 dollars,MI
2009,Michigan,380091.2,Millions of chained 2012 dollars,MI
2010,Michigan,400941.4,Millions of chained 2012 dollars,MI
2011,Michigan,411465.7,Millions of chained 2012 dollars,MI
2012,Michigan,418857.4,Millions of chained 2012 dollars,MI
2013,Michigan,424319.9,Millions of chained 2012 dollars,MI
2014,Michigan,431510.9,Millions of chained 2012 dollars,MI
2015,Michigan,442481.8,Millions of chained 2012 dollars,MI
2016,Michigan,452268.8,Millions of chained 2012 dollars,MI
2000,Minnesota,245982.4,Millions of chained 2012 dollars,MN
2001,Minnesota,246058.0,Millions of chained 2012 dollars,MN
2002,Minnesota,252414.3,Millions of chained 2012 dollars,MN
2003,Minnesota,263868.9,Millions of chained 2012 dollars,MN
2004,Minnesota,274712.9,Millions of chained 2012 dollars,MN
2005,Minnesota,282094.0,Millions of chained 2012 dollars,MN
2006,Minnesota,281970.3,Millions of chained 2012 dollars,MN
2007,Minnesota,283211.5,Millions of chained 2012 dollars,MN
2008,Minnesota,285792.2,Millions of chained 2012 dollars,MN
2009,Minnesota,275453.1,Millions of chained 2012 dollars,MN
2010,Minnesota,284863.9,Millions of chained 2012 dollars,MN
2011,Minnesota,290630.4,Millions of chained 2012 dollars,MN
2012,Minnesota,294296.6,Millions of chained 2012 dollars,MN
2013,Minnesota,300633.1,Millions of chained 2012 dollars,MN
2014,Minnesota,309239.2,Millions of chained 2012 dollars,MN
2015,Minnesota,313086.2,Millions of chained 2012 dollars,MN
2016,Minnesota,319129.9,Millions of chained 2012 dollars,MN
2000,Mississippi,88143.0,Millions of chained 2012 dollars,MS
2001,Mississippi,87200.2,Millions of chained 2012 dollars,MS
2002,Mississippi,88124.5,Millions of chained 2012 dollars,MS
2003,Mississippi,91715.1,Millions of chained 2012 dollars,MS
2004,Mississippi,93651.0,Millions of chained 2012 dollars,MS
2005,Mississippi,95228.0,Millions of chained 2012 dollars,MS
2006,Mississippi,97748.3,Millions of chained 2012 dollars,MS
2007,Mississippi,100204.0,Millions of chained 2012 dollars,MS
2008,Mississippi,104386.2,Millions of chained 2012 dollars,MS
2009,Mississippi,99463.0,Millions of chained 2012 dollars,MS
2010,Mississippi,99983.6,Millions of chained 2012 dollars,MS
2011,Mississippi,98727.7,Millions of chained 2012 dollars,MS
2012,Mississippi,99614.6,Millions of chained 2012 dollars,MS
2013,Mississippi,99622.4,Millions of chained 2012 dollars,MS
2014,Mississippi,100118.3,Millions of chained 2012 dollars,MS
2015,Mississippi,100242.5,Millions of chained 2012 dollars,MS
2016,Mississippi,100656.5,Millions of chained 2012 dollars,MS
2000,Missouri,246048.8,Millions of chained 2012 dollars,MO
2001,Missouri,244407.0,Millions of chained 2012 dollars,MO
2002,Missouri,246813.1,Millions of chained 2012 dollars,MO
2003,Missouri,251788.1,Millions of chained 2012 dollars,MO
2004,Missouri,257258.6,Millions of chained 2012 dollars,MO
2005,Missouri,261530.1,Millions of chained 2012 dollars,MO
2006,Missouri,263233.2,Millions of chained 2012 dollars,MO
2007,Missouri,264382.0,Millions of chained 2012 dollars,MO
2008,Missouri,270608.3,Millions of chained 2012 dollars,MO
2009,Missouri,265310.1,Millions of chained 2012 dollars,MO
2010,Missouri,269735.0,Millions of chained 2012 dollars,MO
2011,Missouri,266725.8,Millions of chained 2012 dollars,MO
2012,Missouri,268761.5,Millions of chained 2012 dollars,MO
2013,Missouri,271902.1,Millions of chained 2012 dollars,MO
2014,Missouri,273170.5,Millions of chained 2012 dollars,MO
2015,Missouri,276700.4,Millions of chained 2012 dollars,MO
2016,Missouri,275500.5,Millions of chained 2012 dollars,MO
2000,Montana,31375.1,Millions of chained 2012 dollars,MT
2001,Montana,31650.5,Millions of chained 2012 dollars,MT
2002,Montana,32526.8,Millions of chained 2012 dollars,MT
2003,Montana,33842.9,Millions of chained 2012 dollars,MT
2004,Montana,35374.9,Millions of chained 2012 dollars,MT
2005,Montana,37077.1,Millions of chained 2012 dollars,MT
2006,Montana,38431.3,Millions of chained 2012 dollars,MT
2007,Montana,40378.8,Millions of chained 2012 dollars,MT
2008,Montana,40161.5,Millions of chained 2012 dollars,MT
2009,Montana,39337.4,Millions of chained 2012 dollars,MT
2010,Montana,40543.8,Millions of chained 2012 dollars,MT
2011,Montana,41473.1,Millions of chained 2012 dollars,MT
2012,Montana,42005.8,Millions of chained 2012 dollars,MT
2013,Montana,42433.8,Millions of chained 2012 dollars,MT
2014,Montana,43173.7,Millions of chained 2012 dollars,MT
2015,Montana,44871.4,Millions of chained 2012 dollars,MT
2016,Montana,44265.4,Millions of chained 2012 dollars,MT
2000,Nebraska,76623.4,Millions of chained 2012 dollars,NE
2001,Nebraska,78258.0,Millions of chained 2012 dollars,NE
2002,Nebraska,79665.3,Millions of chained 2012 dollars,NE
2003,Nebraska,84119.5,Millions of chained 2012 dollars,NE
2004,Nebraska,86081.5,Millions of chained 2012 dollars,NE
2005,Nebraska,88893.9,Millions of chained 2012 dollars,NE
2006,Nebraska,91387.2,Millions of chained 2012 dollars,NE
2007,Nebraska,93387.5,Millions of chained 2012 dollars,NE
2008,Nebraska,93569.3,Millions of chained 2012 dollars,NE
2009,Nebraska,94050.0,Millions of chained 2012 dollars,NE
2010,Nebraska,97856.7,Millions of chained 2012 dollars,NE
2011,Nebraska,102332.7,Millions of chained 2012 dollars,NE
2012,Nebraska,102269.0,Millions of chained 2012 dollars,NE
2013,Nebraska,105038.2,Millions of chained 2012 dollars,NE
2014,Nebraska,107166.2,Millions of chained 2012 dollars,NE
2015,Nebraska,110325.7,Millions of chained 2012 dollars,NE
2016,Nebraska,110812.0,Millions of chained 2012 dollars,NE
2000,Nevada,105343.7,Millions of chained 2012 dollars,NV
2001,Nevada,106656.8,Millions of chained 2012 dollars,NV
2002,Nevada,110020.4,Millions of chained 2012 dollars,NV
2003,Nevada,115571.0,Millions of chained 2012 dollars,NV
2004,Nevada,128884.5,Millions of chained 2012 dollars,NV
2005,Nevada,139694.9,Millions of chained 2012 dollars,NV
2006,Nevada,145209.4,Millions of chained 2012 dollars,NV
2007,Nevada,144404.8,Millions of chained 2012 dollars,NV
2008,Nevada,138863.3,Millions of chained 2012 dollars,NV
2009,Nevada,127242.4,Millions of chained 2012 dollars,NV
2010,Nevada,128827.2,Millions of chained 2012 dollars,NV
2011,Nevada,129733.5,Millions of chained 2012 dollars,NV
2012,Nevada,128043.0,Millions of chained 2012 dollars,NV
2013,Nevada,128272.7,Millions of chained 2012 dollars,NV
2014,Nevada,129999.9,Millions of chained 2012 dollars,NV
2015,Nevada,135429.2,Millions of chained 2012 dollars,NV
2016,Nevada,139295.5,Millions of chained 2012 dollars,NV
2000,New Hampshire,56719.9,Millions of chained 2012 dollars,NH
2001,New Hampshire,57432.7,Millions of chained 2012 dollars,NH
2002,New Hampshire,59040.7,Millions of chained 2012 dollars,NH
2003,New Hampshire,61610.3,Millions of chained 2012 dollars,NH
2004,New Hampshire,63499.0,Millions of chained 2012 dollars,NH
2005,New Hampshire,64356.4,Millions of chained 2012 dollars,NH
2006,New Hampshire,65945.0,Millions of chained 2012 dollars,NH
2007,New Hampshire,65697.9,Millions of chained 2012 dollars,NH
2008,New Hampshire,65016.8,Millions of chained 2012 dollars,NH
2009,New Hampshire,64449.6,Millions of chained 2012 dollars,NH
2010,New Hampshire,66441.5,Millions of chained 2012 dollars,NH
2011,New Hampshire,66840.1,Millions of chained 2012 dollars,NH
2012,New Hampshire,67689.2,Millions of chained 2012 dollars,NH
2013,New Hampshire,68800.2,Millions of chained 2012 dollars,NH
2014,New Hampshire,69544.7,Millions of chained 2012 dollars,NH
2015,New Hampshire,71511.1,Millions of chained 2012 dollars,NH
2016,New Hampshire,72815.6,Millions of chained 2012 dollars,NH
2000,New Jersey,473035.0,Millions of chained 2012 dollars,NJ
2001,New Jersey,476507.7,Millions of chained 2012 dollars,NJ
2002,New Jersey,487050.2,Millions of chained 2012 dollars,NJ
2003,New Jersey,499694.9,Millions of chained 2012 dollars,NJ
2004,New Jersey,507585.4,Millions of chained 2012 dollars,NJ
2005,New Jersey,513498.7,Millions of chained 2012 dollars,NJ
2006,New Jersey,524056.2,Millions of chained 2012 dollars,NJ
2007,New Jersey,526814.4,Millions of chained 2012 dollars,NJ
2008,New Jersey,533053.7,Millions of chained 2012 dollars,NJ
2009,New Jersey,511149.6,Millions of chained 2012 dollars,NJ
2010,New Jersey,516589.3,Millions of chained 2012 dollars,NJ
2011,New Jersey,510928.5,Millions of chained 2012 dollars,NJ
2012,New Jersey,519745.8,Millions of chained 2012 dollars,NJ
2013,New Jersey,523334.2,Millions of chained 2012 dollars,NJ
2014,New Jersey,525728.5,Millions of chained 2012 dollars,NJ
2015,New Jersey,535299.2,Millions of chained 2012 dollars,NJ
2016,New Jersey,539942.8,Millions of chained 2012 dollars,NJ
2000,New Mexico,71956.4,Millions of chained 2012 dollars,NM
2001,New Mexico,72052.6,Millions of chained 2012 dollars,NM
2002,New Mexico,74274.7,Millions of chained 2012 dollars,NM
2003,New Mexico,77132.1,Millions of chained 2012 dollars,NM
2004,New Mexico,82842.9,Millions of chained 2012 dollars,NM
2005,New Mexico,83825.0,Millions of chained 2012 dollars,NM
2006,New Mexico,85890.7,Millions of chained 2012 dollars,NM
2007,New Mexico,86511.1,Millions of chained 2012 dollars,NM
2008,New Mexico,85976.8,Millions of chained 2012 dollars,NM
2009,New Mexico,87667.4,Millions of chained 2012 dollars,NM
2010,New Mexico,87004.1,Millions of chained 2012 dollars,NM
2011,New Mexico,87166.3,Millions of chained 2012 dollars,NM
2012,New Mexico,87601.6,Millions of chained 2012 dollars,NM
2013,New Mexico,86506.0,Millions of chained 2012 dollars,NM
2014,New Mexico,89275.2,Millions of chained 2012 dollars,NM
2015,New Mexico,91200.8,Millions of chained 2012 dollars,NM
2016,New Mexico,91268.3,Millions of chained 2012 dollars,NM
2000,New York,1088004.8,Millions of chained 2012 dollars,NY
2001,New York,1112238.7,Millions of chained 2012 dollars,NY
2002,New York,1102140.1,Millions of chained 2012 dollars,NY
2003,New York,1104937.1,Millions of chained 2012 dollars,NY
2004,New York,1132504.2,Millions of chained 2012 dollars,NY
2005,New York,1171051.0,Millions of chained 2012 dollars,NY
2006,New York,1199903.8,Millions of chained 2012 dollars,NY
2007,New York,1202725.8,Millions of chained 2012 dollars,NY
2008,New York,1175470.9,Millions of chained 2012 dollars,NY
2009,New York,1223229.4,Millions of chained 2012 dollars,NY
2010,New York,1269486.5,Millions of chained 2012 dollars,NY
2011,New York,1269244.9,Millions of chained 2012 dollars,NY
2012,New York,1322447.9,Millions of chained 2012 dollars,NY
2013,New York,1319298.5,Millions of chained 2012 dollars,NY
2014,New York,1349268.1,Millions of chained 2012 dollars,NY
2015,New York,1372162.8,Millions of chained 2012 dollars,NY
2016,New York,1389680.6,Millions of chained 2012 dollars,NY
2000,North Carolina,354846.4,Millions of chained 2012 dollars,NC
2001,North Carolina,361354.5,Millions of chained 2012 dollars,NC
2002,North Carolina,366035.1,Millions of chained 2012 dollars,NC
2003,North Carolina,374503.2,Millions of chained 2012 dollars,NC
2004,North Carolina,388699.7,Millions of chained 2012 dollars,NC
2005,North Carolina,407491.4,Millions of chained 2012 dollars,NC
2006,North Carolina,432588.9,Millions of chained 2012 dollars,NC
2007,North Carolina,436437.2,Millions of chained 2012 dollars,NC
2008,North Carolina,446920.3,Millions of chained 2012 dollars,NC
2009,North Carolina,427107.8,Millions of chained 2012 dollars,NC
2010,North Carolina,433404.3,Millions of chained 2012 dollars,NC
2011,North Carolina,439088.5,Millions of chained 2012 dollars,NC
2012,North Carolina,439571.0,Millions of chained 2012 dollars,NC
2013,North Carolina,445361.4,Millions of chained 2012 dollars,NC
2014,North Carolina,455046.2,Millions of chained 2012 dollars,NC
2015,North Carolina,469478.8,Millions of chained 2012 dollars,NC
2016,North Carolina,475339.0,Millions of chained 2012 dollars,NC
2000,North Dakota,24598.2,Millions of chained 2012 dollars,ND
2001,North Dakota,25017.3,Millions of chained 2012 dollars,ND
2002,North Dakota,26370.3,Millions of chained 2012 dollars,ND
2003,North Dakota,27993.9,Millions of chained 2012 dollars,ND
2004,North Dakota,28266.6,Millions of chained 2012 dollars,ND
2005,North Dakota,29106.8,Millions of chained 2012 dollars,ND
2006,North Dakota,30261.5,Millions of chained 2012 dollars,ND
2007,North Dakota,31667.5,Millions of chained 2012 dollars,ND
2008,North Dakota,34154.6,Millions of chained 2012 dollars,ND
2009,North Dakota,35043.2,Millions of chained 2012 dollars,ND
2010,North Dakota,37696.5,Millions of chained 2012 dollars,ND
2011,North Dakota,41942.3,Millions of chained 2012 dollars,ND
2012,North Dakota,51345.1,Millions of chained 2012 dollars,ND
2013,North Dakota,52530.8,Millions of chained 2012 dollars,ND
2014,North Dakota,56522.9,Millions of chained 2012 dollars,ND
2015,North Dakota,54901.6,Millions of chained 2012 dollars,ND
2016,North Dakota,51036.3,Millions of chained 2012 dollars,ND
2000,Ohio,508991.7,Millions of chained 2012 dollars,OH
2001,Ohio,501815.4,Millions of chained 2012 dollars,OH
2002,Ohio,514752.0,Millions of chained 2012 dollars,OH
2003,Ohio,522648.9,Millions of chained 2012 dollars,OH
2004,Ohio,534358.7,Millions of chained 2012 dollars,OH
2005,Ohio,543744.7,Millions of chained 2012 dollars,OH
2006,Ohio,541179.6,Millions of chained 2012 dollars,OH
2007,Ohio,541411.2,Millions of chained 2012 dollars,OH
2008,Ohio,537199.7,Millions of chained 2012 dollars,OH
2009,Ohio,509215.7,Millions of chained 2012 dollars,OH
2010,Ohio,521094.7,Millions of chained 2012 dollars,OH
2011,Ohio,538703.3,Millions of chained 2012 dollars,OH
2012,Ohio,540819.3,Millions of chained 2012 dollars,OH
2013,Ohio,550800.0,Millions of chained 2012 dollars,OH
2014,Ohio,571911.6,Millions of chained 2012 dollars,OH
2015,Ohio,580414.1,Millions of chained 2012 dollars,OH
2016,Ohio,585088.9,Millions of chained 2012 dollars,OH
2000,Oklahoma,124110.5,Millions of chained 2012 dollars,OK
2001,Oklahoma,128721.1,Millions of chained 2012 dollars,OK
2002,Oklahoma,131078.3,Millions of chained 2012 dollars,OK
2003,Oklahoma,133084.3,Millions of chained 2012 dollars,OK
2004,Oklahoma,137435.8,Millions of chained 2012 dollars,OK
2005,Oklahoma,143072.5,Millions of chained 2012 dollars,OK
2006,Oklahoma,152659.0,Millions of chained 2012 dollars,OK
2007,Oklahoma,155464.7,Millions of chained 2012 dollars,OK
2008,Oklahoma,161361.4,Millions of chained 2012 dollars,OK
2009,Oklahoma,159235.6,Millions of chained 2012 dollars,OK
2010,Oklahoma,159226.5,Millions of chained 2012 dollars,OK
2011,Oklahoma,165153.0,Millions of chained 2012 dollars,OK
2012,Oklahoma,173483.7,Millions of chained 2012 dollars,OK
2013,Oklahoma,177601.6,Millions of chained 2012 dollars,OK
2014,Oklahoma,187739.1,Millions of chained 2012 dollars,OK
2015,Oklahoma,195902.1,Millions of chained 2012 dollars,OK
2016,Oklahoma,190109.7,Millions of chained 2012 dollars,OK
2000,Oregon,137802.0,Millions of chained 2012 dollars,OR
2001,Oregon,136687.5,Millions of chained 2012 dollars,OR
2002,Oregon,139698.1,Millions of chained 2012 dollars,OR
2003,Oregon,145584.9,Millions of chained 2012 dollars,OR
2004,Oregon,152797.8,Millions of chained 2012 dollars,OR
2005,Oregon,158462.8,Millions of chained 2012 dollars,OR
2006,Oregon,167912.2,Millions of chained 2012 dollars,OR
2007,Oregon,171113.5,Millions of chained 2012 dollars,OR
2008,Oregon,173955.1,Millions of chained 2012 dollars,OR
2009,Oregon,166653.2,Millions of chained 2012 dollars,OR
2010,Oregon,169015.8,Millions of chained 2012 dollars,OR
2011,Oregon,173883.1,Millions of chained 2012 dollars,OR
2012,Oregon,174493.1,Millions of chained 2012 dollars,OR
2013,Oregon,175805.1,Millions of chained 2012 dollars,OR
2014,Oregon,181861.0,Millions of chained 2012 dollars,OR
2015,Oregon,191999.0,Millions of chained 2012 dollars,OR
2016,Oregon,200948.2,Millions of chained 2012 dollars,OR
2000,Pennsylvania,537224.0,Millions of chained 2012 dollars,PA
2001,Pennsylvania,544790.8,Millions of chained 2012 dollars,PA
2002,Pennsylvania,550247.0,Millions of chained 2012 dollars,PA
2003,Pennsylvania,562435.7,Millions of chained 2012 dollars,PA
2004,Pennsylvania,578033.8,Millions of chained 2012 dollars,PA
2005,Pennsylvania,588054.9,Millions of chained 2012 dollars,PA
2006,Pennsylvania,592030.3,Millions of chained 2012 dollars,PA
2007,Pennsylvania,612017.6,Millions of chained 2012 dollars,PA
2008,Pennsylvania,623821.3,Millions of chained 2012 dollars,PA
2009,Pennsylvania,605496.7,Millions of chained 2012 dollars,PA
2010,Pennsylvania,622466.7,Millions of chained 2012 dollars,PA
2011,Pennsylvania,631371.8,Millions of chained 2012 dollars,PA
2012,Pennsylvania,641317.3,Millions of chained 2012 dollars,PA
2013,Pennsylvania,651318.9,Millions of chained 2012 dollars,PA
2014,Pennsylvania,666494.4,Millions of chained 2012 dollars,PA
2015,Pennsylvania,681234.6,Millions of chained 2012 dollars,PA
2016,Pennsylvania,689844.4,Millions of chained 2012 dollars,PA
2000,Rhode Island,45246.1,Millions of chained 2012 dollars,RI
2001,Rhode Island,45917.5,Millions of chained 2012 dollars,RI
2002,Rhode Island,47611.1,Millions of chained 2012 dollars,RI
2003,Rhode Island,49374.3,Millions of chained 2012 dollars,RI
2004,Rhode Island,51583.2,Millions of chained 2012 dollars,RI
2005,Rhode Island,52316.3,Millions of chained 2012 dollars,RI
2006,Rhode Island,53518.2,Millions of chained 2012 dollars,RI
2007,Rhode Island,52087.4,Millions of chained 2012 dollars,RI
2008,Rhode Island,50447.1,Millions of chained 2012 dollars,RI
2009,Rhode Island,50213.6,Millions of chained 2012 dollars,RI
2010,Rhode Island,51467.5,Millions of chained 2012 dollars,RI
2011,Rhode Island,51269.1,Millions of chained 2012 dollars,RI
2012,Rhode Island,51642.0,Millions of chained 2012 dollars,RI
2013,Rhode Island,52084.6,Millions of chained 2012 dollars,RI
2014,Rhode Island,52134.2,Millions of chained 2012 dollars,RI
2015,Rhode Island,53096.5,Millions of chained 2012 dollars,RI
2016,Rhode Island,53090.7,Millions of chained 2012 dollars,RI
2000,South Carolina,150501.3,Millions of chained 2012 dollars,SC
2001,South Carolina,151105.2,Millions of chained 2012 dollars,SC
2002,South Carolina,154698.0,Millions of chained 2012 dollars,SC
2003,South Carolina,160138.4,Millions of chained 2012 dollars,SC
2004,South Carolina,162237.9,Millions of chained 2012 dollars,SC
2005,South Carolina,166573.9,Millions of chained 2012 dollars,SC
2006,South Carolina,170339.0,Millions of chained 2012 dollars,SC
2007,South Carolina,175090.1,Millions of chained 2012 dollars,SC
2008,South Carolina,174584.2,Millions of chained 2012 dollars,SC
2009,South Carolina,166849.7,Millions of chained 2012 dollars,SC
2010,South Carolina,170166.5,Millions of chained 2012 dollars,SC
2011,South Carolina,174127.9,Millions of chained 2012 dollars,SC
2012,South Carolina,175374.8,Millions of chained 2012 dollars,SC
2013,South Carolina,178940.4,Millions of chained 2012 dollars,SC
2014,South Carolina,183561.9,Millions of chained 2012 dollars,SC
2015,South Carolina,189899.8,Millions of chained 2012 dollars,SC
2016,South Carolina,195459.6,Millions of chained 2012 dollars,SC
2000,South Dakota,29406.8,Millions of chained 2012 dollars,SD
2001,South Dakota,29746.2,Millions of chained 2012 dollars,SD
2002,South Dakota,32958.4,Millions of chained 2012 dollars,SD
2003,South Dakota,33657.3,Millions of chained 2012 dollars,SD
2004,South Dakota,35071.4,Millions of chained 2012 dollars,SD
2005,South Dakota,35907.3,Millions of chained 2012 dollars,SD
2006,South Dakota,36459.0,Millions of chained 2012 dollars,SD
2007,South Dakota,38057.4,Millions of chained 2012 dollars,SD
2008,South Dakota,39643.2,Millions of chained 2012 dollars,SD
2009,South Dakota,39731.9,Millions of chained 2012 dollars,SD
2010,South Dakota,40129.8,Millions of chained 2012 dollars,SD
2011,South Dakota,42793.5,Millions of chained 2012 dollars,SD
2012,South Dakota,43444.6,Millions of chained 2012 dollars,SD
2013,South Dakota,43602.2,Millions of chained 2012 dollars,SD
2014,South Dakota,44153.0,Millions of chained 2012 dollars,SD
2015,South Dakota,45442.6,Millions of chained 2012 dollars,SD
2016,South Dakota,45685.5,Millions of chained 2012 dollars,SD
2000,Tennessee,233152.7,Millions of chained 2012 dollars,TN
2001,Tennessee,232723.2,Millions of chained 2012 dollars,TN
2002,Tennessee,240522.4,Millions of chained 2012 dollars,TN
2003,Tennessee,247823.7,Millions of chained 2012 dollars,TN
2004,Tennessee,259337.3,Millions of chained 2012 dollars,TN
2005,Tennessee,264652.2,Millions of chained 2012 dollars,TN
2006,Tennessee,271464.6,Millions of chained 2012 dollars,TN
2007,Tennessee,268755.6,Millions of chained 2012 dollars,TN
2008,Tennessee,272011.3,Millions of chained 2012 dollars,TN
2009,Tennessee,263015.5,Millions of chained 2012 dollars,TN
2010,Tennessee,266727.2,Millions of chained 2012 dollars,TN
2011,Tennessee,274803.6,Millions of chained 2012 dollars,TN
2012,Tennessee,283721.8,Millions of chained 2012 dollars,TN
2013,Tennessee,286801.4,Millions of chained 2012 dollars,TN
2014,Tennessee,291687.6,Millions of chained 2012 dollars,TN
2015,Tennessee,301587.2,Millions of chained 2012 dollars,TN
2016,Tennessee,308031.6,Millions of chained 2012 dollars,TN
2000,Texas,998296.5,Millions of chained 2012 dollars,TX
2001,Texas,1021889.0,Millions of chained 2012 dollars,TX
2002,Texas,1041811.0,Millions of chained 2012 dollars,TX
2003,Texas,1048298.6,Millions of chained 2012 dollars,TX
2004,Texas,1102696.3,Millions of chained 2012 dollars,TX
2005,Texas,1132796.1,Millions of chained 2012 dollars,TX
2006,Texas,1210286.8,Millions of chained 2012 dollars,TX
2007,Texas,1274302.5,Millions of chained 2012 dollars,TX
2008,Texas,1275773.6,Millions of chained 2012 dollars,TX
2009,Texas,1271435.8,Millions of chained 2012 dollars,TX
2010,Texas,1301726.7,Millions of chained 2012 dollars,TX
2011,Texas,1343790.9,Millions of chained 2012 dollars,TX
2012,Texas,1411378.7,Millions of chained 2012 dollars,TX
2013,Texas,1472103.5,Millions of chained 2012 dollars,TX
2014,Texas,1523057.2,Millions of chained 2012 dollars,TX
2015,Texas,1596361.9,Millions of chained 2012 dollars,TX
2016,Texas,1600260.2,Millions of chained 2012 dollars,TX
2000,Utah,92507.5,Millions of chained 2012 dollars,UT
2001,Utah,93886.6,Millions of chained 2012 dollars,UT
2002,Utah,95693.3,Millions of chained 2012 dollars,UT
2003,Utah,97648.8,Millions of chained 2012 dollars,UT
2004,Utah,102724.6,Millions of chained 2012 dollars,UT
2005,Utah,109145.6,Millions of chained 2012 dollars,UT
2006,Utah,118720.6,Millions of chained 2012 dollars,UT
2007,Utah,124497.7,Millions of chained 2012 dollars,UT
2008,Utah,123483.3,Millions of chained 2012 dollars,UT
2009,Utah,120791.6,Millions of chained 2012 dollars,UT
2010,Utah,123330.1,Millions of chained 2012 dollars,UT
2011,Utah,127060.0,Millions of chained 2012 dollars,UT
2012,Utah,128721.0,Millions of chained 2012 dollars,UT
2013,Utah,131901.8,Millions of chained 2012 dollars,UT
2014,Utah,136081.5,Millions of chained 2012 dollars,UT
2015,Utah,141703.3,Millions of chained 2012 dollars,UT
2016,Utah,147414.0,Millions of chained 2012 dollars,UT
2000,Vermont,23022.5,Millions of chained 2012 dollars,VT
2001,Vermont,23713.5,Millions of chained 2012 dollars,VT
2002,Vermont,24455.4,Millions of chained 2012 dollars,VT
2003,Vermont,25301.3,Millions of chained 2012 dollars,VT
2004,Vermont,26564.3,Millions of chained 2012 dollars,VT
2005,Vermont,26909.4,Millions of chained 2012 dollars,VT
2006,Vermont,27132.4,Millions of chained 2012 dollars,VT
2007,Vermont,26801.5,Millions of chained 2012 dollars,VT
2008,Vermont,27437.2,Millions of chained 2012 dollars,VT
2009,Vermont,26996.6,Millions of chained 2012 dollars,VT
2010,Vermont,28111.0,Millions of chained 2012 dollars,VT
2011,Vermont,28733.3,Millions of chained 2012 dollars,VT
2012,Vermont,28887.4,Millions of chained 2012 dollars,VT
2013,Vermont,28498.6,Millions of chained 2012 dollars,VT
2014,Vermont,28521.8,Millions of chained 2012 dollars,VT
2015,Vermont,28906.5,Millions of chained 2012 dollars,VT
2016,Vermont,29362.9,Millions of chained 2012 dollars,VT
2000,Virginia,346160.5,Millions of chained 2012 dollars,VA
2001,Virginia,358518.5,Millions of chained 2012 dollars,VA
2002,Virginia,362261.5,Millions of chained 2012 dollars,VA
2003,Virginia,376113.7,Millions of chained 2012 dollars,VA
2004,Virginia,393446.1,Millions of chained 2012 dollars,VA
2005,Virginia,415086.9,Millions of chained 2012 dollars,VA
2006,Virginia,423737.5,Millions of chained 2012 dollars,VA
2007,Virginia,427001.0,Millions of chained 2012 dollars,VA
2008,Virginia,425803.5,Millions of chained 2012 dollars,VA
2009,Virginia,425583.3,Millions of chained 2012 dollars,VA
2010,Virginia,437267.8,Millions of chained 2012 dollars,VA
2011,Virginia,441608.8,Millions of chained 2012 dollars,VA
2012,Virginia,444950.0,Millions of chained 2012 dollars,VA
2013,Virginia,446559.7,Millions of chained 2012 dollars,VA
2014,Virginia,445869.2,Millions of chained 2012 dollars,VA
2015,Virginia,454952.9,Millions of chained 2012 dollars,VA
2016,Virginia,456676.4,Millions of chained 2012 dollars,VA
2000,West Virginia,62051.5,Millions of chained 2012 dollars,WV
2001,West Virginia,62016.8,Millions of chained 2012 dollars,WV
2002,West Virginia,62805.3,Millions of chained 2012 dollars,WV
2003,West Virginia,62839.1,Millions of chained 2012 dollars,WV
2004,West Virginia,63721.4,Millions of chained 2012 dollars,WV
2005,West Virginia,65548.9,Millions of chained 2012 dollars,WV
2006,West Virginia,66435.4,Millions of chained 2012 dollars,WV
2007,West Virginia,66522.1,Millions of chained 2012 dollars,WV
2008,West Virginia,67888.3,Millions of chained 2012 dollars,WV
2009,West Virginia,67564.9,Millions of chained 2012 dollars,WV
2010,West Virginia,68443.6,Millions of chained 2012 dollars,WV
2011,West Virginia,69658.0,Millions of chained 2012 dollars,WV
2012,West Virginia,69399.0,Millions of chained 2012 dollars,WV
2013,West Virginia,70158.7,Millions of chained 2012 dollars,WV
2014,West Virginia,69874.1,Millions of chained 2012 dollars,WV
2015,West Virginia,69761.1,Millions of chained 2012 dollars,WV
2016,West Virginia,68901.2,Millions of chained 2012 dollars,WV
2000,Wisconsin,233084.8,Millions of chained 2012 dollars,WI
2001,Wisconsin,236113.0,Millions of chained 2012 dollars,WI
2002,Wisconsin,240995.6,Millions of chained 2012 dollars,WI
2003,Wisconsin,247867.0,Millions of chained 2012 dollars,WI
2004,Wisconsin,256002.6,Millions of chained 2012 dollars,WI
2005,Wisconsin,262160.8,Millions of chained 2012 dollars,WI
2006,Wisconsin,266471.3,Millions of chained 2012 dollars,WI
2007,Wisconsin,267936.1,Millions of chained 2012 dollars,WI
2008,Wisconsin,264632.1,Millions of chained 2012 dollars,WI
2009,Wisconsin,257142.6,Millions of chained 2012 dollars,WI
2010,Wisconsin,264841.1,Millions of chained 2012 dollars,WI
2011,Wisconsin,270372.5,Millions of chained 2012 dollars,WI
2012,Wisconsin,274343.9,Millions of chained 2012 dollars,WI
2013,Wisconsin,276189.5,Millions of chained 2012 dollars,WI
2014,Wisconsin,282078.9,Millions of chained 2012 dollars,WI
2015,Wisconsin,287164.3,Millions of chained 2012 dollars,WI
2016,Wisconsin,290750.2,Millions of chained 2012 dollars,WI
2000,Wyoming,27708.2,Millions of chained 2012 dollars,WY
2001,Wyoming,29240.7,Millions of chained 2012 dollars,WY
2002,Wyoming,29875.5,Millions of chained 2012 dollars,WY
2003,Wyoming,30612.3,Millions of chained 2012 dollars,WY
2004,Wyoming,31529.7,Millions of chained 2012 dollars,WY
2005,Wyoming,33120.8,Millions of chained 2012 dollars,WY
2006,Wyoming,37526.7,Millions of chained 2012 dollars,WY
2007,Wyoming,40334.9,Millions of chained 2012 dollars,WY
2008,Wyoming,42632.5,Millions of chained 2012 dollars,WY
2009,Wyoming,41385.4,Millions of chained 2012 dollars,WY
2010,Wyoming,39801.4,Millions of chained 2012 dollars,WY
2011,Wyoming,39395.5,Millions of chained 2012 dollars,WY
2012,Wyoming,38431.7,Millions of chained 2012 dollars,WY
2013,Wyoming,38503.9,Millions of chained 2012 dollars,WY
2014,Wyoming,38717.6,Millions of chained 2012 dollars,WY
2015,Wyoming,39723.0,Millions of chained 2012 dollars,WY
2016,Wyoming,38052.9,Millions of chained 2012 dollars,WY
