,D_Emis,D_Coal_Cons,D_NatGas_Cons,D_Petrol_Cons
AK '90-91,2,2,2,0
AL '90-91,2,2,2,2
AR '90-91,0,2,0,0
AZ '90-91,2,2,0,2
CA '90-91,0,2,2,0
CO '90-91,2,0,2,2
CT '90-91,0,2,2,0
DC '90-91,0,0,2,0
DE '90-91,2,0,2,0
FL '90-91,2,2,2,0
GA '90-91,0,0,2,0
HI '90-91,0,2,0,0
IA '90-91,2,2,2,0
ID '90-91,2,2,2,2
IL '90-91,2,2,2,0
IN '90-91,0,0,2,0
KS '90-91,0,0,2,0
KY '90-91,2,0,2,0
LA '90-91,0,2,0,2
MA '90-91,0,2,2,0
MD '90-91,0,0,2,0
ME '90-91,0,2,2,0
MI '90-91,0,0,2,2
MN '90-91,2,0,2,2
MO '90-91,2,0,2,0
MS '90-91,0,0,0,2
MT '90-91,2,2,2,0
NC '90-91,0,0,2,0
ND '90-91,2,2,2,2
NE '90-91,2,2,2,0
NH '90-91,0,2,0,0
NJ '90-91,2,0,2,0
NM '90-91,0,0,0,2
NV '90-91,2,2,2,2
NY '90-91,0,2,2,0
OH '90-91,0,0,2,0
OK '90-91,2,2,0,2
OR '90-91,2,2,2,2
PA '90-91,0,0,0,0
RI '90-91,2,0,2,0
SC '90-91,2,2,2,2
SD '90-91,0,2,2,0
TN '90-91,0,0,2,0
TX '90-91,0,0,0,2
UT '90-91,0,0,2,2
VA '90-91,2,2,0,0
VT '90-91,2,2,2,2
WI '90-91,0,2,2,0
WV '90-91,2,0,0,0
WY '90-91,2,0,2,0
AK '91-92,2,0,2,2
AL '91-92,2,2,2,2
AR '91-92,2,2,2,2
AZ '91-92,2,2,2,2
CA '91-92,2,2,2,0
CO '91-92,2,2,0,2
CT '91-92,2,2,2,0
DC '91-92,0,0,2,0
DE '91-92,0,0,0,2
FL '91-92,2,0,2,2
GA '91-92,2,0,2,2
HI '91-92,2,2,0,2
IA '91-92,0,0,0,2
ID '91-92,0,0,0,0
IL '91-92,0,0,2,2
IN '91-92,0,0,2,0
KS '91-92,0,0,0,2
KY '91-92,2,2,2,2
LA '91-92,2,2,2,2
MA '91-92,2,0,2,0
MD '91-92,0,0,2,2
ME '91-92,2,2,2,0
MI '91-92,0,0,2,2
MN '91-92,2,0,0,2
MO '91-92,0,0,0,2
MS '91-92,2,0,0,2
MT '91-92,2,2,0,2
NC '91-92,2,2,2,2
ND '91-92,2,2,0,2
NE '91-92,0,0,0,2
NH '91-92,2,0,2,2
NJ '91-92,2,2,2,0
NM '91-92,2,2,0,2
NV '91-92,2,0,2,2
NY '91-92,0,2,2,0
OH '91-92,2,2,2,2
OK '91-92,2,2,0,2
OR '91-92,2,2,0,2
PA '91-92,2,2,2,2
RI '91-92,2,2,2,2
SC '91-92,0,0,2,0
SD '91-92,2,0,2,2
TN '91-92,2,2,2,2
TX '91-92,2,0,0,2
UT '91-92,2,2,0,0
VA '91-92,2,0,2,0
VT '91-92,2,2,2,2
WI '91-92,2,0,2,0
WV '91-92,2,2,2,0
WY '91-92,0,2,2,2
AK '92-93,0,2,0,2
AL '92-93,2,2,2,2
AR '92-93,0,0,2,2
AZ '92-93,2,2,0,2
CA '92-93,0,0,0,0
CO '92-93,2,2,2,2
CT '92-93,0,0,0,0
DC '92-93,2,2,2,2
DE '92-93,2,2,2,0
FL '92-93,2,2,0,2
GA '92-93,2,2,2,2
HI '92-93,0,2,0,0
IA '92-93,2,2,2,2
ID '92-93,2,2,2,2
IL '92-93,2,2,2,2
IN '92-93,2,2,2,2
KS '92-93,2,2,2,0
KY '92-93,2,2,2,0
LA '92-93,2,0,2,2
MA '92-93,0,0,2,0
MD '92-93,2,2,0,2
ME '92-93,0,0,0,2
MI '92-93,0,2,0,2
MN '92-93,2,2,2,2
MO '92-93,0,0,2,2
MS '92-93,2,2,0,2
MT '92-93,0,0,2,2
NC '92-93,2,2,2,2
ND '92-93,2,2,2,0
NE '92-93,2,2,2,0
NH '92-93,2,2,2,2
NJ '92-93,0,2,2,0
NM '92-93,2,2,2,2
NV '92-93,2,0,2,2
NY '92-93,0,0,0,0
OH '92-93,2,2,2,2
OK '92-93,2,2,2,0
OR '92-93,2,0,2,0
PA '92-93,2,2,2,2
RI '92-93,0,0,0,0
SC '92-93,2,2,2,2
SD '92-93,2,2,2,2
TN '92-93,2,2,2,2
TX '92-93,2,2,2,0
UT '92-93,2,2,2,2
VA '92-93,2,2,2,2
VT '92-93,2,0,0,0
WI '92-93,2,2,2,2
WV '92-93,0,2,2,0
WY '92-93,2,0,0,2
AK '93-94,0,0,0,2
AL '93-94,0,0,0,2
AR '93-94,2,2,2,2
AZ '93-94,2,2,2,2
CA '93-94,2,0,2,2
CO '93-94,2,2,0,2
CT '93-94,0,2,2,0
DC '93-94,0,0,0,2
DE '93-94,0,0,2,0
FL '93-94,2,2,2,2
GA '93-94,2,2,0,2
HI '93-94,2,2,2,2
IA '93-94,2,2,2,2
ID '93-94,2,0,2,2
IL '93-94,2,2,0,2
IN '93-94,0,0,2,2
KS '93-94,2,0,2,0
KY '93-94,0,0,2,2
LA '93-94,2,2,2,2
MA '93-94,2,2,2,0
MD '93-94,2,2,2,2
ME '93-94,2,2,2,2
MI '93-94,2,2,0,2
MN '93-94,2,2,0,2
MO '93-94,2,2,0,2
MS '93-94,0,0,2,0
MT '93-94,2,2,0,0
NC '93-94,0,0,2,2
ND '93-94,2,2,2,2
NE '93-94,0,0,2,2
NH '93-94,2,0,2,2
NJ '93-94,2,2,2,2
NM '93-94,0,2,0,0
NV '93-94,2,2,2,2
NY '93-94,0,0,2,0
OH '93-94,0,0,2,2
OK '93-94,0,0,0,2
OR '93-94,2,2,2,2
PA '93-94,0,0,2,2
RI '93-94,2,2,2,2
SC '93-94,2,2,2,0
SD '93-94,2,2,0,2
TN '93-94,0,0,0,2
TX '93-94,2,0,0,2
UT '93-94,2,2,0,2
VA '93-94,0,0,2,2
VT '93-94,0,0,2,0
WI '93-94,2,2,2,2
WV '93-94,2,2,2,2
WY '93-94,2,2,2,0
AK '94-95,2,2,2,2
AL '94-95,2,2,2,2
AR '94-95,2,2,2,2
AZ '94-95,0,0,0,2
CA '94-95,0,0,0,2
CO '94-95,2,0,2,2
CT '94-95,0,2,2,0
DC '94-95,0,0,2,0
DE '94-95,0,0,2,0
FL '94-95,2,2,2,0
GA '94-95,2,2,2,2
HI '94-95,0,2,0,0
IA '94-95,2,2,2,2
ID '94-95,2,0,2,2
IL '94-95,2,2,2,2
IN '94-95,2,2,2,0
KS '94-95,0,0,0,2
KY '94-95,2,2,2,2
LA '94-95,2,0,2,0
MA '94-95,0,2,2,0
MD '94-95,0,2,2,0
ME '94-95,0,0,2,0
MI '94-95,2,0,2,2
MN '94-95,2,2,2,2
MO '94-95,2,2,2,2
MS '94-95,2,2,2,0
MT '94-95,0,0,2,2
NC '94-95,2,2,2,2
ND '94-95,0,0,2,0
NE '94-95,2,2,2,2
NH '94-95,2,2,2,0
NJ '94-95,0,2,2,0
NM '94-95,0,0,0,0
NV '94-95,0,0,2,2
NY '94-95,2,0,2,0
OH '94-95,2,0,2,2
OK '94-95,2,2,0,0
OR '94-95,0,0,0,0
PA '94-95,2,2,2,0
RI '94-95,0,0,0,0
SC '94-95,0,0,2,2
SD '94-95,0,0,2,2
TN '94-95,2,2,2,2
TX '94-95,2,0,2,0
UT '94-95,2,0,2,2
VA '94-95,2,2,2,0
VT '94-95,0,0,0,0
WI '94-95,0,2,2,2
WV '94-95,0,0,2,0
WY '94-95,2,0,0,2
AK '95-96,2,0,2,2
AL '95-96,2,2,2,2
AR '95-96,2,2,2,2
AZ '95-96,2,0,0,2
CA '95-96,0,0,0,2
CO '95-96,2,2,2,2
CT '95-96,2,2,0,2
DC '95-96,0,2,2,0
DE '95-96,2,0,0,2
FL '95-96,2,2,0,2
GA '95-96,2,0,2,2
HI '95-96,0,2,0,0
IA '95-96,2,2,2,2
ID '95-96,2,0,2,2
IL '95-96,2,2,2,2
IN '95-96,2,2,2,2
KS '95-96,2,2,0,2
KY '95-96,2,2,2,0
LA '95-96,2,0,0,2
MA '95-96,2,2,0,2
MD '95-96,2,2,2,2
ME '95-96,2,0,2,2
MI '95-96,2,2,2,2
MN '95-96,2,2,2,2
MO '95-96,2,2,2,2
MS '95-96,2,2,0,2
MT '95-96,0,0,2,2
NC '95-96,2,2,2,2
ND '95-96,2,2,2,2
NE '95-96,2,0,2,2
NH '95-96,2,2,0,2
NJ '95-96,0,2,2,0
NM '95-96,2,2,2,2
NV '95-96,2,2,2,2
NY '95-96,2,2,0,2
OH '95-96,2,2,2,2
OK '95-96,2,2,2,2
OR '95-96,2,2,2,2
PA '95-96,2,2,2,0
RI '95-96,2,2,2,0
SC '95-96,2,2,0,2
SD '95-96,0,0,2,2
TN '95-96,2,0,2,2
TX '95-96,2,2,2,2
UT '95-96,2,0,2,2
VA '95-96,2,2,0,2
VT '95-96,2,0,2,2
WI '95-96,2,2,2,2
WV '95-96,2,2,2,0
WY '95-96,2,2,2,2
AK '96-97,0,2,0,2
AL '96-97,0,0,0,0
AR '96-97,0,0,0,2
AZ '96-97,2,2,2,2
CA '96-97,2,2,2,0
CO '96-97,2,2,0,0
CT '96-97,2,2,2,2
DC '96-97,0,2,2,0
DE '96-97,0,0,0,0
FL '96-97,2,2,0,2
GA '96-97,2,2,0,0
HI '96-97,0,2,0,0
IA '96-97,0,2,0,0
ID '96-97,0,0,2,0
IL '96-97,2,2,0,0
IN '96-97,2,2,0,2
KS '96-97,0,0,0,2
KY '96-97,2,2,0,2
LA '96-97,2,2,2,0
MA '96-97,2,2,2,2
MD '96-97,2,0,2,2
ME '96-97,2,0,2,2
MI '96-97,0,0,0,2
MN '96-97,0,0,0,0
MO '96-97,2,2,0,0
MS '96-97,2,2,0,2
MT '96-97,2,2,0,0
NC '96-97,2,2,2,2
ND '96-97,0,0,2,2
NE '96-97,2,2,0,0
NH '96-97,2,2,2,2
NJ '96-97,2,2,2,2
NM '96-97,2,2,2,2
NV '96-97,0,0,2,0
NY '96-97,2,2,2,0
OH '96-97,0,0,0,2
OK '96-97,2,2,0,0
OR '96-97,0,0,2,0
PA '96-97,2,2,0,2
RI '96-97,2,0,0,2
SC '96-97,2,2,2,2
SD '96-97,2,2,0,0
TN '96-97,2,2,2,2
TX '96-97,2,2,0,2
UT '96-97,2,2,2,2
VA '96-97,2,2,0,2
VT '96-97,2,2,2,2
WI '96-97,2,2,0,2
WV '96-97,0,2,2,2
WY '96-97,2,0,2,0
AK '97-98,2,2,2,2
AL '97-98,2,0,2,0
AR '97-98,2,2,2,2
AZ '97-98,2,2,2,2
CA '97-98,2,0,2,2
CO '97-98,2,2,2,2
CT '97-98,0,0,0,0
DC '97-98,0,0,0,2
DE '97-98,0,0,0,2
FL '97-98,2,0,0,2
GA '97-98,2,0,0,2
HI '97-98,2,0,2,2
IA '97-98,2,2,0,2
ID '97-98,2,2,2,2
IL '97-98,0,0,0,0
IN '97-98,2,2,0,0
KS '97-98,0,0,0,2
KY '97-98,0,0,0,2
LA '97-98,0,0,0,0
MA '97-98,0,0,0,2
MD '97-98,2,2,0,2
ME '97-98,0,0,0,0
MI '97-98,2,2,0,2
MN '97-98,2,2,0,0
MO '97-98,2,2,0,2
MS '97-98,2,0,0,2
MT '97-98,2,2,0,0
NC '97-98,2,0,0,2
ND '97-98,2,2,0,0
NE '97-98,2,2,0,2
NH '97-98,2,0,0,2
NJ '97-98,0,0,0,0
NM '97-98,0,2,0,2
NV '97-98,2,2,2,2
NY '97-98,0,2,0,2
OH '97-98,0,2,0,0
OK '97-98,0,0,2,2
OR '97-98,2,2,2,2
PA '97-98,0,0,0,2
RI '97-98,2,0,2,0
SC '97-98,2,2,2,2
SD '97-98,0,0,0,0
TN '97-98,0,0,0,2
TX '97-98,2,0,2,2
UT '97-98,2,2,2,2
VA '97-98,2,2,2,2
VT '97-98,0,0,0,0
WI '97-98,2,0,0,2
WV '97-98,2,2,0,2
WY '97-98,0,2,2,0
AK '98-99,2,0,0,2
AL '98-99,2,2,2,2
AR '98-99,2,2,0,2
AZ '98-99,2,2,2,2
CA '98-99,2,2,0,2
CO '98-99,2,0,2,2
CT '98-99,2,0,2,2
DC '98-99,2,0,2,0
DE '98-99,2,0,2,2
FL '98-99,0,0,2,2
GA '98-99,2,2,0,2
HI '98-99,0,0,2,0
IA '98-99,2,2,2,2
ID '98-99,2,0,2,2
IL '98-99,2,2,2,2
IN '98-99,2,2,2,2
KS '98-99,2,2,0,2
KY '98-99,2,2,2,2
LA '98-99,0,2,0,2
MA '98-99,0,2,0,0
MD '98-99,2,2,2,2
ME '98-99,2,0,2,2
MI '98-99,2,2,2,2
MN '98-99,2,0,2,2
MO '98-99,2,0,2,2
MS '98-99,2,2,2,2
MT '98-99,2,2,2,2
NC '98-99,0,0,2,0
ND '98-99,2,2,2,2
NE '98-99,0,0,0,2
NH '98-99,2,0,2,2
NJ '98-99,2,2,2,2
NM '98-99,2,2,0,2
NV '98-99,2,0,2,2
NY '98-99,2,0,2,2
OH '98-99,0,0,2,2
OK '98-99,0,0,0,2
OR '98-99,2,2,2,2
PA '98-99,0,0,2,0
RI '98-99,0,0,0,2
SC '98-99,2,2,2,2
SD '98-99,2,2,2,2
TN '98-99,2,0,0,2
TX '98-99,0,2,0,0
UT '98-99,0,0,0,2
VA '98-99,2,2,2,2
VT '98-99,2,2,2,2
WI '98-99,2,2,2,2
WV '98-99,2,2,0,0
WY '98-99,2,0,0,2
AK '99-00,2,2,2,0
AL '99-00,2,2,2,2
AR '99-00,2,2,0,2
AZ '99-00,2,2,2,2
CA '99-00,2,2,2,2
CO '99-00,2,2,2,2
CT '99-00,2,2,2,0
DC '99-00,2,2,2,2
DE '99-00,2,2,0,0
FL '99-00,2,2,0,2
GA '99-00,2,2,2,0
HI '99-00,2,0,2,2
IA '99-00,2,2,0,0
ID '99-00,2,2,2,2
IL '99-00,2,2,2,0
IN '99-00,2,2,2,2
KS '99-00,2,2,2,0
KY '99-00,2,2,2,0
LA '99-00,2,2,2,2
MA '99-00,2,2,0,2
MD '99-00,0,2,2,0
ME '99-00,2,2,2,0
MI '99-00,0,0,2,0
MN '99-00,2,2,2,2
MO '99-00,0,2,2,0
MS '99-00,0,2,0,0
MT '99-00,0,0,2,0
NC '99-00,2,2,2,2
ND '99-00,2,2,0,0
NE '99-00,0,2,2,0
NH '99-00,2,2,2,0
NJ '99-00,0,2,0,2
NM '99-00,2,2,2,0
NV '99-00,2,2,2,2
NY '99-00,2,2,0,2
OH '99-00,2,2,2,0
OK '99-00,2,2,0,2
OR '99-00,0,2,0,0
PA '99-00,2,2,2,2
RI '99-00,0,2,0,0
SC '99-00,2,2,0,2
SD '99-00,2,2,2,2
TN '99-00,2,2,0,2
TX '99-00,2,2,2,0
UT '99-00,2,2,2,2
VA '99-00,2,2,0,2
VT '99-00,2,0,2,2
WI '99-00,0,2,2,0
WV '99-00,2,0,2,2
WY '99-00,2,2,2,0
AK '00-01,0,0,0,2
AL '00-01,0,0,0,0
AR '00-01,0,2,0,0
AZ '00-01,2,0,2,2
CA '00-01,2,0,2,2
CO '00-01,2,2,2,2
CT '00-01,0,2,0,0
DC '00-01,0,2,0,0
DE '00-01,0,0,2,2
FL '00-01,0,0,0,2
GA '00-01,0,0,0,0
HI '00-01,2,2,0,2
IA '00-01,0,0,0,0
ID '00-01,0,0,2,0
IL '00-01,0,0,0,0
IN '00-01,0,0,0,0
KS '00-01,0,0,0,0
KY '00-01,2,2,0,2
LA '00-01,0,0,0,0
MA '00-01,0,0,2,2
MD '00-01,0,2,0,2
ME '00-01,2,0,2,0
MI '00-01,0,0,0,0
MN '00-01,0,0,0,0
MO '00-01,2,2,0,2
MS '00-01,2,2,2,2
MT '00-01,2,2,0,0
NC '00-01,0,0,0,0
ND '00-01,2,0,2,2
NE '00-01,2,2,0,0
NH '00-01,0,0,0,0
NJ '00-01,0,0,0,2
NM '00-01,2,0,2,2
NV '00-01,0,0,0,2
NY '00-01,0,0,0,2
OH '00-01,0,0,0,2
OK '00-01,2,0,0,2
OR '00-01,0,2,2,0
PA '00-01,0,0,0,2
RI '00-01,2,0,2,2
SC '00-01,0,0,0,2
SD '00-01,0,0,0,0
TN '00-01,0,0,0,2
TX '00-01,0,0,0,2
UT '00-01,0,0,0,0
VA '00-01,0,0,0,2
VT '00-01,0,2,0,2
WI '00-01,0,0,0,2
WV '00-01,0,0,0,2
WY '00-01,0,0,0,2
AK '01-02,2,2,2,0
AL '01-02,2,2,2,2
AR '01-02,0,0,2,2
AZ '01-02,0,0,2,2
CA '01-02,0,2,0,2
CO '01-02,0,0,0,0
CT '01-02,0,0,2,0
DC '01-02,2,0,2,0
DE '01-02,0,2,2,0
FL '01-02,2,0,2,0
GA '01-02,2,2,2,0
HI '01-02,2,0,0,2
IA '01-02,2,0,2,2
ID '01-02,0,0,0,2
IL '01-02,2,2,2,0
IN '01-02,2,0,2,2
KS '01-02,2,2,2,0
KY '01-02,2,0,2,2
LA '01-02,2,0,2,2
MA '01-02,2,2,2,0
MD '01-02,0,2,2,0
ME '01-02,2,2,2,2
MI '01-02,0,0,2,2
MN '01-02,2,2,2,0
MO '01-02,2,2,0,2
MS '01-02,0,0,2,0
MT '01-02,0,0,2,2
NC '01-02,2,2,2,0
ND '01-02,0,2,2,0
NE '01-02,0,0,0,2
NH '01-02,2,0,2,2
NJ '01-02,2,0,2,0
NM '01-02,0,0,0,2
NV '01-02,0,0,0,0
NY '01-02,0,0,2,0
OH '01-02,2,2,2,2
OK '01-02,2,2,2,0
OR '01-02,0,0,0,2
PA '01-02,2,2,2,0
RI '01-02,0,2,0,0
SC '01-02,2,0,2,0
SD '01-02,2,0,2,2
TN '01-02,0,0,0,2
TX '01-02,2,2,2,2
UT '01-02,0,0,2,0
VA '01-02,0,0,2,0
VT '01-02,0,0,2,0
WI '01-02,2,0,2,0
WV '01-02,0,2,2,2
WY '01-02,2,0,2,0
AK '02-03,2,0,0,2
AL '02-03,2,2,0,0
AR '02-03,2,0,2,2
AZ '02-03,2,2,2,2
CA '02-03,0,0,0,0
CO '02-03,0,2,0,2
CT '02-03,2,2,0,2
DC '02-03,0,2,2,0
DE '02-03,2,2,0,2
FL '02-03,2,2,2,2
GA '02-03,2,2,0,2
HI '02-03,2,2,0,2
IA '02-03,0,2,2,0
ID '02-03,0,2,0,0
IL '02-03,2,2,0,2
IN '02-03,2,2,2,2
KS '02-03,2,0,0,2
KY '02-03,0,0,0,0
LA '02-03,0,2,0,0
MA '02-03,2,0,2,2
MD '02-03,2,2,2,2
ME '02-03,0,0,0,2
MI '02-03,0,2,0,0
MN '02-03,2,2,2,2
MO '02-03,2,2,0,2
MS '02-03,2,2,0,2
MT '02-03,2,2,0,0
NC '02-03,2,2,0,2
ND '02-03,0,0,0,0
NE '02-03,2,2,0,2
NH '02-03,2,2,2,2
NJ '02-03,2,2,2,0
NM '02-03,2,2,0,2
NV '02-03,2,2,2,2
NY '02-03,2,2,0,2
OH '02-03,2,2,2,2
OK '02-03,2,2,2,0
OR '02-03,2,2,2,0
PA '02-03,2,2,2,2
RI '02-03,0,2,0,2
SC '02-03,2,2,0,2
SD '02-03,0,2,2,0
TN '02-03,0,0,2,2
TX '02-03,0,2,0,2
UT '02-03,2,2,0,2
VA '02-03,2,0,2,2
VT '02-03,2,1,2,2
WI '02-03,0,0,2,0
WV '02-03,2,0,0,0
WY '02-03,0,2,2,2
AK '03-04,2,2,0,2
AL '03-04,2,0,2,2
AR '03-04,2,2,0,2
AZ '03-04,2,2,2,2
CA '03-04,2,0,2,2
CO '03-04,2,0,2,2
CT '03-04,2,2,2,2
DC '03-04,2,2,0,2
DE '03-04,2,2,2,0
FL '03-04,2,0,2,2
GA '03-04,2,2,2,2
HI '03-04,2,0,2,2
IA '03-04,2,0,0,2
ID '03-04,2,2,2,2
IL '03-04,2,2,0,2
IN '03-04,2,2,0,0
KS '03-04,0,0,0,0
KY '03-04,2,2,2,2
LA '03-04,2,2,2,2
MA '03-04,0,0,0,2
MD '03-04,2,0,0,2
ME '03-04,2,0,2,0
MI '03-04,2,2,0,2
MN '03-04,0,0,0,2
MO '03-04,2,2,2,2
MS '03-04,2,2,2,0
MT '03-04,2,2,0,2
NC '03-04,2,2,2,2
ND '03-04,0,0,0,2
NE '03-04,0,0,0,2
NH '03-04,2,2,2,2
NJ '03-04,2,2,2,2
NM '03-04,2,2,2,2
NV '03-04,2,2,2,2
NY '03-04,2,0,0,2
OH '03-04,0,0,0,0
OK '03-04,0,0,0,0
OR '03-04,2,0,2,2
PA '03-04,2,2,2,2
RI '03-04,0,0,0,0
SC '03-04,2,2,2,2
SD '03-04,2,2,0,2
TN '03-04,2,2,0,2
TX '03-04,0,2,0,2
UT '03-04,2,2,2,2
VA '03-04,2,0,2,2
VT '03-04,2,1,2,2
WI '03-04,0,2,0,2
WV '03-04,2,0,0,2
WY '03-04,2,2,0,0
AK '04-05,2,0,2,0
AL '04-05,2,2,0,0
AR '04-05,0,0,0,0
AZ '04-05,2,2,0,2
CA '04-05,0,0,0,2
CO '04-05,2,0,2,0
CT '04-05,0,0,2,0
DC '04-05,0,2,2,0
DE '04-05,2,2,0,2
FL '04-05,2,0,2,2
GA '04-05,2,2,2,2
HI '04-05,2,0,0,2
IA '04-05,0,0,2,2
ID '04-05,2,0,0,2
IL '04-05,2,0,2,2
IN '04-05,0,0,2,0
KS '04-05,0,0,0,0
KY '04-05,2,2,2,0
LA '04-05,0,0,0,0
MA '04-05,2,2,2,2
MD '04-05,2,2,2,2
ME '04-05,0,0,0,2
MI '04-05,2,2,0,0
MN '04-05,2,2,2,2
MO '04-05,2,2,2,0
MS '04-05,0,0,2,0
MT '04-05,2,2,2,2
NC '04-05,2,2,2,2
ND '04-05,2,2,0,2
NE '04-05,2,2,2,0
NH '04-05,0,2,2,0
NJ '04-05,2,2,0,2
NM '04-05,2,2,0,0
NV '04-05,2,2,2,2
NY '04-05,0,0,0,0
OH '04-05,2,2,0,0
OK '04-05,2,2,2,2
OR '04-05,2,0,2,2
PA '04-05,2,2,0,2
RI '04-05,2,1,2,0
SC '04-05,0,0,2,0
SD '04-05,0,0,2,2
TN '04-05,2,2,0,2
TX '04-05,0,2,0,0
UT '04-05,2,2,2,2
VA '04-05,2,2,2,2
VT '04-05,0,1,0,0
WI '04-05,2,2,2,0
WV '04-05,2,2,0,2
WY '04-05,2,0,2,2
AK '05-06,0,2,0,2
AL '05-06,2,0,2,2
AR '05-06,2,2,2,2
AZ '05-06,2,2,2,2
CA '05-06,2,0,2,2
CO '05-06,2,2,0,2
CT '05-06,0,2,2,0
DC '05-06,0,0,0,0
DE '05-06,0,0,0,0
FL '05-06,0,2,2,0
GA '05-06,0,0,2,0
HI '05-06,2,0,2,2
IA '05-06,2,2,0,2
ID '05-06,2,0,2,2
IL '05-06,0,0,0,0
IN '05-06,0,0,0,2
KS '05-06,2,0,2,2
KY '05-06,2,2,0,2
LA '05-06,2,2,0,2
MA '05-06,0,0,0,0
MD '05-06,0,0,0,0
ME '05-06,0,0,2,0
MI '05-06,0,0,0,0
MN '05-06,0,0,0,0
MO '05-06,0,0,0,0
MS '05-06,2,2,2,2
MT '05-06,2,0,2,2
NC '05-06,0,0,0,0
ND '05-06,0,0,2,2
NE '05-06,2,0,2,2
NH '05-06,0,2,0,0
NJ '05-06,0,0,0,0
NM '05-06,2,0,2,2
NV '05-06,0,0,2,2
NY '05-06,0,0,2,0
OH '05-06,0,0,0,2
OK '05-06,2,0,2,2
OR '05-06,0,0,0,2
PA '05-06,0,2,0,0
RI '05-06,0,0,0,0
SC '05-06,2,2,2,2
SD '05-06,2,2,0,0
TN '05-06,2,2,0,2
TX '05-06,2,0,0,2
UT '05-06,2,0,2,2
VA '05-06,0,0,0,0
VT '05-06,0,2,0,0
WI '05-06,2,0,0,0
WV '05-06,0,0,2,2
WY '05-06,0,0,2,2
AK '06-07,0,0,0,0
AL '06-07,2,2,2,0
AR '06-07,2,2,0,2
AZ '06-07,2,2,2,0
CA '06-07,2,0,2,2
CO '06-07,2,0,2,2
CT '06-07,0,0,2,0
DC '06-07,2,2,2,0
DE '06-07,2,2,2,0
FL '06-07,0,2,2,0
GA '06-07,2,2,2,0
HI '06-07,2,2,2,2
IA '06-07,2,2,2,0
ID '06-07,2,2,2,0
IL '06-07,2,2,2,0
IN '06-07,0,0,2,0
KS '06-07,2,2,2,2
KY '06-07,2,0,2,0
LA '06-07,2,0,2,2
MA '06-07,2,2,2,0
MD '06-07,2,2,2,0
ME '06-07,0,0,0,0
MI '06-07,2,2,0,0
MN '06-07,2,0,2,0
MO '06-07,0,0,2,0
MS '06-07,2,0,2,0
MT '06-07,2,2,0,2
NC '06-07,2,2,2,2
ND '06-07,2,2,2,2
NE '06-07,2,0,2,2
NH '06-07,0,2,2,0
NJ '06-07,2,0,2,2
NM '06-07,0,0,2,2
NV '06-07,2,0,2,0
NY '06-07,2,2,2,2
OH '06-07,2,2,2,0
OK '06-07,0,0,2,0
OR '06-07,2,2,2,0
PA '06-07,2,0,2,0
RI '06-07,2,0,2,0
SC '06-07,2,2,2,0
SD '06-07,2,0,2,2
TN '06-07,0,0,0,0
TX '06-07,0,0,2,0
UT '06-07,2,2,2,0
VA '06-07,2,2,2,0
VT '06-07,0,2,2,0
WI '06-07,2,2,2,0
WV '06-07,2,2,0,0
WY '06-07,2,2,2,2
AK '07-08,0,2,0,0
AL '07-08,0,0,0,0
AR '07-08,2,2,2,0
AZ '07-08,2,2,2,0
CA '07-08,0,0,2,0
CO '07-08,0,0,0,0
CT '07-08,0,2,0,0
DC '07-08,0,0,0,0
DE '07-08,0,0,0,0
FL '07-08,0,0,2,0
GA '07-08,0,0,0,0
HI '07-08,0,2,0,0
IA '07-08,2,2,2,2
ID '07-08,0,0,2,0
IL '07-08,0,2,2,0
IN '07-08,0,0,2,0
KS '07-08,0,0,2,0
KY '07-08,0,2,0,0
LA '07-08,2,2,0,2
MA '07-08,0,0,0,0
MD '07-08,0,0,0,0
ME '07-08,0,0,2,0
MI '07-08,0,0,0,0
MN '07-08,0,0,2,0
MO '07-08,0,0,2,0
MS '07-08,0,0,0,0
MT '07-08,0,2,2,0
NC '07-08,0,0,2,0
ND '07-08,2,2,2,0
NE '07-08,2,2,2,0
NH '07-08,0,0,2,0
NJ '07-08,0,0,0,0
NM '07-08,0,0,2,0
NV '07-08,0,2,2,0
NY '07-08,0,0,0,0
OH '07-08,0,0,0,0
OK '07-08,2,2,2,0
OR '07-08,0,0,2,0
PA '07-08,0,0,0,0
RI '07-08,0,0,2,2
SC '07-08,0,2,0,0
SD '07-08,2,2,2,0
TN '07-08,0,0,2,0
TX '07-08,0,0,2,0
UT '07-08,0,2,2,0
VA '07-08,0,0,0,0
VT '07-08,0,0,0,0
WI '07-08,0,2,2,0
WV '07-08,0,0,0,0
WY '07-08,2,2,2,2
AK '08-09,0,0,2,0
AL '08-09,0,0,2,0
AR '08-09,0,0,2,0
AZ '08-09,0,0,0,0
CA '08-09,0,0,0,0
CO '08-09,0,0,2,0
CT '08-09,0,0,2,0
DC '08-09,2,0,2,2
DE '08-09,0,0,2,0
FL '08-09,0,0,2,0
GA '08-09,0,0,2,2
HI '08-09,0,0,0,2
IA '08-09,0,0,0,0
ID '08-09,0,0,0,0
IL '08-09,0,0,0,0
IN '08-09,0,0,0,0
KS '08-09,0,0,0,0
KY '08-09,0,0,0,0
LA '08-09,0,0,0,0
MA '08-09,0,0,0,0
MD '08-09,0,0,2,2
ME '08-09,0,0,0,2
MI '08-09,0,0,0,0
MN '08-09,0,0,0,0
MO '08-09,0,0,0,0
MS '08-09,0,0,2,0
MT '08-09,0,0,0,0
NC '08-09,0,0,2,0
ND '08-09,0,0,0,0
NE '08-09,2,2,0,0
NH '08-09,0,0,0,0
NJ '08-09,0,0,2,0
NM '08-09,2,2,0,0
NV '08-09,0,0,2,0
NY '08-09,0,0,0,0
OH '08-09,0,0,0,0
OK '08-09,0,0,0,0
OR '08-09,0,0,0,0
PA '08-09,0,0,2,0
RI '08-09,2,1,2,2
SC '08-09,0,0,2,2
SD '08-09,0,0,2,2
TN '08-09,0,0,0,0
TX '08-09,0,0,0,0
UT '08-09,0,0,0,0
VA '08-09,0,0,2,0
VT '08-09,2,1,2,2
WI '08-09,0,0,0,0
WV '08-09,0,0,0,0
WY '08-09,0,0,2,0
AK '09-10,2,2,0,2
AL '09-10,2,2,2,2
AR '09-10,2,2,2,2
AZ '09-10,2,2,0,2
CA '09-10,0,2,0,0
CO '09-10,2,2,0,2
CT '09-10,2,2,2,0
DC '09-10,2,0,0,2
DE '09-10,0,0,2,0
FL '09-10,2,2,2,2
GA '09-10,2,2,2,2
HI '09-10,2,2,2,2
IA '09-10,2,2,0,0
ID '09-10,2,2,0,2
IL '09-10,2,2,2,0
IN '09-10,2,2,2,0
KS '09-10,0,2,0,2
KY '09-10,2,2,2,0
LA '09-10,2,2,2,2
MA '09-10,2,0,2,2
MD '09-10,0,0,2,0
ME '09-10,0,2,2,0
MI '09-10,2,2,2,0
MN '09-10,0,0,2,0
MO '09-10,2,2,2,0
MS '09-10,2,2,2,2
MT '09-10,2,2,0,0
NC '09-10,2,2,2,2
ND '09-10,2,0,2,2
NE '09-10,2,2,2,2
NH '09-10,0,2,2,0
NJ '09-10,2,2,2,2
NM '09-10,0,0,0,0
NV '09-10,0,0,0,0
NY '09-10,2,2,2,0
OH '09-10,2,2,2,2
OK '09-10,0,0,2,2
OR '09-10,0,2,0,0
PA '09-10,2,2,2,0
RI '09-10,0,1,2,0
SC '09-10,2,2,2,0
SD '09-10,2,2,2,0
TN '09-10,2,2,2,2
TX '09-10,2,2,2,2
UT '09-10,0,0,2,0
VA '09-10,2,2,2,0
VT '09-10,0,1,0,0
WI '09-10,2,2,0,2
WV '09-10,0,2,2,2
WY '09-10,2,2,2,2
AK '10-11,0,2,2,0
AL '10-11,0,0,2,2
AR '10-11,2,2,2,0
AZ '10-11,0,2,0,2
CA '10-11,0,2,0,0
CO '10-11,0,0,0,0
CT '10-11,0,0,2,0
DC '10-11,0,0,0,0
DE '10-11,2,0,2,2
FL '10-11,0,0,2,0
GA '10-11,0,0,0,0
HI '10-11,2,0,2,2
IA '10-11,0,0,0,2
ID '10-11,0,0,0,0
IL '10-11,0,0,2,0
IN '10-11,0,0,2,2
KS '10-11,0,0,2,0
KY '10-11,0,2,0,0
LA '10-11,2,2,2,0
MA '10-11,0,0,2,0
MD '10-11,0,0,0,0
ME '10-11,0,0,0,0
MI '10-11,0,0,2,0
MN '10-11,0,2,0,0
MO '10-11,2,2,0,0
MS '10-11,0,0,0,0
MT '10-11,0,0,2,2
NC '10-11,0,0,2,0
ND '10-11,2,0,2,2
NE '10-11,2,2,2,0
NH '10-11,0,0,2,0
NJ '10-11,2,0,2,2
NM '10-11,2,2,2,2
NV '10-11,0,0,0,0
NY '10-11,0,0,2,0
OH '10-11,0,0,2,0
OK '10-11,2,2,0,0
OR '10-11,0,0,0,0
PA '10-11,0,0,2,0
RI '10-11,2,1,2,0
SC '10-11,0,0,2,0
SD '10-11,0,0,2,0
TN '10-11,0,0,2,0
TX '10-11,2,2,2,0
UT '10-11,2,0,2,2
VA '10-11,0,0,0,0
VT '10-11,0,1,2,0
WI '10-11,0,0,2,0
WV '10-11,0,0,2,0
WY '10-11,0,0,2,2
AK '11-12,0,2,2,0
AL '11-12,0,0,2,0
AR '11-12,0,0,2,0
AZ '11-12,0,0,2,0
CA '11-12,2,0,2,0
CO '11-12,0,2,0,0
CT '11-12,0,2,2,0
DC '11-12,0,2,0,0
DE '11-12,2,0,2,0
FL '11-12,0,0,2,0
GA '11-12,0,0,2,0
HI '11-12,0,2,2,0
IA '11-12,0,0,0,0
ID '11-12,0,0,2,0
IL '11-12,0,0,0,0
IN '11-12,0,0,2,0
KS '11-12,0,0,0,0
KY '11-12,0,0,2,0
LA '11-12,0,0,2,0
MA '11-12,0,0,0,0
MD '11-12,0,0,2,0
ME '11-12,0,0,0,0
MI '11-12,0,0,2,0
MN '11-12,0,0,2,2
MO '11-12,0,0,0,0
MS '11-12,2,0,2,2
MT '11-12,0,0,0,0
NC '11-12,0,0,2,0
ND '11-12,2,2,0,2
NE '11-12,0,0,0,2
NH '11-12,0,0,2,0
NJ '11-12,0,0,0,0
NM '11-12,0,0,0,2
NV '11-12,2,0,2,2
NY '11-12,0,0,2,2
OH '11-12,0,0,2,0
OK '11-12,0,0,2,2
OR '11-12,0,0,2,0
PA '11-12,0,0,2,0
RI '11-12,0,1,0,0
SC '11-12,0,0,2,0
SD '11-12,2,2,0,2
TN '11-12,0,0,2,0
TX '11-12,0,0,2,2
UT '11-12,0,0,2,0
VA '11-12,0,0,2,2
VT '11-12,0,1,0,0
WI '11-12,0,0,2,0
WV '11-12,0,0,2,0
WY '11-12,0,2,0,2
AK '12-13,0,0,0,0
AL '12-13,0,2,0,0
AR '12-13,2,2,0,2
AZ '12-13,2,2,2,2
CA '12-13,2,0,2,2
CO '12-13,2,0,2,2
CT '12-13,2,0,2,2
DC '12-13,2,0,2,0
DE '12-13,0,2,0,0
FL '12-13,0,2,0,2
GA '12-13,0,0,2,0
HI '12-13,0,0,2,0
IA '12-13,2,0,2,2
ID '12-13,2,2,2,2
IL '12-13,2,2,2,2
IN '12-13,2,2,2,2
KS '12-13,2,2,2,2
KY '12-13,0,2,2,0
LA '12-13,0,0,0,0
MA '12-13,2,2,2,2
MD '12-13,0,0,0,2
ME '12-13,2,2,0,2
MI '12-13,2,2,2,2
MN '12-13,2,2,2,0
MO '12-13,2,2,2,2
MS '12-13,0,2,0,2
MT '12-13,2,2,2,2
NC '12-13,2,0,2,2
ND '12-13,2,0,2,2
NE '12-13,2,2,2,2
NH '12-13,0,2,0,2
NJ '12-13,2,2,2,2
NM '12-13,0,0,2,2
NV '12-13,2,2,2,2
NY '12-13,2,0,2,0
OH '12-13,2,2,2,2
OK '12-13,0,2,0,0
OR '12-13,2,2,2,0
PA '12-13,2,2,2,2
RI '12-13,0,1,0,2
SC '12-13,0,0,0,2
SD '12-13,2,0,2,0
TN '12-13,0,0,2,2
TX '12-13,2,2,2,2
UT '12-13,2,2,2,2
VA '12-13,2,2,2,2
VT '12-13,2,1,2,2
WI '12-13,2,2,2,2
WV '12-13,2,2,2,2
WY '12-13,2,2,0,0
AK '13-14,0,2,0,0
AL '13-14,2,2,2,0
AR '13-14,2,2,0,2
AZ '13-14,0,0,0,0
CA '13-14,0,2,0,2
CO '13-14,2,0,2,2
CT '13-14,2,2,2,0
DC '13-14,2,2,2,2
DE '13-14,0,0,2,2
FL '13-14,2,2,0,2
GA '13-14,2,2,2,0
HI '13-14,0,2,0,0
IA '13-14,2,0,2,2
ID '13-14,0,0,0,2
IL '13-14,2,0,2,2
IN '13-14,2,2,2,2
KS '13-14,2,0,2,2
KY '13-14,2,0,2,2
LA '13-14,0,0,2,0
MA '13-14,0,0,0,0
MD '13-14,2,2,2,2
ME '13-14,2,2,0,2
MI '13-14,0,0,2,2
MN '13-14,2,2,2,2
MO '13-14,0,0,2,2
MS '13-14,2,2,2,2
MT '13-14,2,2,0,0
NC '13-14,2,2,2,2
ND '13-14,2,2,2,2
NE '13-14,0,0,2,2
NH '13-14,2,0,2,2
NJ '13-14,2,2,2,2
NM '13-14,0,0,2,2
NV '13-14,2,2,0,2
NY '13-14,2,0,2,2
OH '13-14,2,0,2,2
OK '13-14,2,2,0,2
OR '13-14,0,0,0,2
PA '13-14,0,0,2,2
RI '13-14,2,1,2,2
SC '13-14,2,2,0,0
SD '13-14,2,0,0,2
TN '13-14,2,2,2,2
TX '13-14,0,0,0,0
UT '13-14,0,0,0,0
VA '13-14,0,0,2,0
VT '13-14,2,1,2,2
WI '13-14,2,0,2,2
WV '13-14,0,2,2,0
WY '13-14,2,0,0,2
AK '14-15,2,2,2,2
AL '14-15,0,0,2,2
AR '14-15,0,0,2,0
AZ '14-15,0,0,2,2
CA '14-15,2,0,0,2
CO '14-15,0,0,0,2
CT '14-15,2,0,2,2
DC '14-15,0,0,0,2
DE '14-15,2,0,2,2
FL '14-15,2,0,2,2
GA '14-15,0,0,2,2
HI '14-15,2,0,2,2
IA '14-15,0,0,0,0
ID '14-15,2,0,2,2
IL '14-15,0,0,0,2
IN '14-15,0,0,2,2
KS '14-15,0,0,0,0
KY '14-15,0,0,2,2
LA '14-15,2,0,2,2
MA '14-15,2,0,2,2
MD '14-15,0,0,2,2
ME '14-15,2,2,0,2
MI '14-15,2,0,0,2
MN '14-15,0,0,0,0
MO '14-15,0,0,0,2
MS '14-15,2,0,2,2
MT '14-15,0,2,0,0
NC '14-15,0,0,2,0
ND '14-15,0,2,2,0
NE '14-15,0,0,0,0
NH '14-15,2,0,2,0
NJ '14-15,0,0,0,2
NM '14-15,2,2,2,0
NV '14-15,0,0,2,0
NY '14-15,0,0,2,2
OH '14-15,0,0,0,2
OK '14-15,0,0,2,0
OR '14-15,2,0,2,0
PA '14-15,0,0,2,0
RI '14-15,2,1,2,0
SC '14-15,0,0,2,2
SD '14-15,0,0,0,2
TN '14-15,0,0,2,2
TX '14-15,2,0,2,2
UT '14-15,0,0,0,2
VA '14-15,0,0,2,0
VT '14-15,2,1,2,2
WI '14-15,0,0,0,0
WV '14-15,2,0,2,0
WY '14-15,0,0,0,0
