Years,State,CO2_Emissions_commercial,CO2_Emissions_electricity,CO2_Emissions_industrial,CO2_Emissions_residential,CO2_Emissions_transportation
1980,Alabama,2.6,44.1,31.7,3.6,24.8
1981,Alabama,2.4,44.1,28.8,3.4,24.2
1982,Alabama,2.3,35.3,25.9,3.4,23.5
1983,Alabama,2.5,38.8,21.9,3.5,22.9
1984,Alabama,2.3,40.3,25.0,3.3,23.8
1985,Alabama,2.5,48.9,23.0,2.9,23.5
1986,Alabama,2.5,49.1,22.2,3.0,24.5
1987,Alabama,2.3,47.8,23.8,3.4,26.0
1988,Alabama,2.6,46.0,26.3,3.4,26.3
1989,Alabama,2.5,50.6,25.4,3.3,28.3
1990,Alabama,2.4,50.9,25.5,3.1,28.0
1991,Alabama,2.0,54.8,25.8,3.0,28.6
1992,Alabama,2.1,57.6,28.7,3.2,29.3
1993,Alabama,2.0,63.6,27.4,3.4,29.4
1994,Alabama,2.1,59.6,28.4,3.3,30.6
1995,Alabama,2.0,65.1,29.1,3.3,32.1
1996,Alabama,2.2,70.3,29.9,3.7,31.4
1997,Alabama,2.4,68.6,29.0,3.4,31.1
1998,Alabama,1.9,70.6,26.5,3.1,31.6
1999,Alabama,2.2,71.8,26.8,3.3,32.0
2000,Alabama,2.2,76.7,26.1,3.7,33.4
2001,Alabama,2.2,73.9,22.7,3.5,31.4
2002,Alabama,2.0,77.4,22.5,3.2,33.4
2003,Alabama,2.1,78.2,23.7,3.1,32.3
2004,Alabama,2.2,77.6,24.1,3.0,34.8
2005,Alabama,1.8,81.3,22.7,2.7,34.7
2006,Alabama,2.2,83.6,22.1,2.5,35.3
2007,Alabama,2.0,85.9,21.5,2.4,35.6
2008,Alabama,2.0,81.0,21.1,2.5,33.0
2009,Alabama,1.9,66.4,17.4,2.5,31.9
2010,Alabama,2.1,76.7,18.8,2.9,32.2
2011,Alabama,2.0,74.0,19.3,2.3,32.3
2012,Alabama,1.8,66.5,21.4,1.8,31.8
2013,Alabama,1.8,64.2,21.1,2.2,31.6
2014,Alabama,1.9,65.1,22.1,2.4,31.6
2015,Alabama,2.2,61.9,21.0,2.1,32.9
2016,Alabama,2.2,55.2,21.1,1.9,34.7
1980,Alaska,1.2,2.3,6.8,0.9,6.4
1981,Alaska,1.8,2.4,5.0,0.9,7.2
1982,Alaska,2.2,2.6,11.1,1.2,7.3
1983,Alaska,2.4,2.6,12.0,1.2,8.3
1984,Alaska,2.5,2.6,12.5,1.4,10.1
1985,Alaska,2.1,2.7,12.0,1.4,10.9
1986,Alaska,5.0,2.7,12.3,1.3,10.6
1987,Alaska,4.4,2.4,12.8,1.3,9.5
1988,Alaska,1.7,2.4,14.9,1.2,10.7
1989,Alaska,1.5,2.6,16.2,1.4,12.4
1990,Alaska,2.2,2.6,16.3,1.6,12.0
1991,Alaska,2.2,2.5,17.9,1.6,11.1
1992,Alaska,2.5,2.3,19.4,1.7,10.8
1993,Alaska,2.5,2.3,19.1,1.7,11.0
1994,Alaska,2.6,2.3,18.6,1.8,11.2
1995,Alaska,2.5,2.4,22.1,1.8,12.3
1996,Alaska,2.7,2.5,23.2,1.8,11.8
1997,Alaska,2.5,2.7,21.8,1.7,13.3
1998,Alaska,2.6,2.9,22.4,1.6,13.5
1999,Alaska,2.8,3.0,21.3,1.9,14.6
2000,Alaska,2.7,3.2,21.3,1.7,15.5
2001,Alaska,2.5,3.3,21.5,1.8,14.5
2002,Alaska,2.0,3.3,21.9,1.6,14.8
2003,Alaska,1.9,3.0,21.7,1.7,15.5
2004,Alaska,2.2,3.2,20.9,1.8,18.8
2005,Alaska,2.1,3.2,22.4,1.8,18.7
2006,Alaska,2.4,3.5,19.0,2.1,18.9
2007,Alaska,2.2,3.3,19.2,1.8,17.8
2008,Alaska,2.3,3.3,17.0,1.8,15.3
2009,Alaska,2.2,3.2,17.4,1.7,13.5
2010,Alaska,2.6,3.0,16.8,1.7,14.9
2011,Alaska,2.8,3.2,17.0,1.7,14.2
2012,Alaska,2.6,3.1,17.4,1.8,13.3
2013,Alaska,2.4,2.6,17.3,1.6,12.3
2014,Alaska,2.3,2.9,17.0,1.5,11.7
2015,Alaska,2.6,2.9,16.9,1.6,12.2
2016,Alaska,2.0,2.7,16.8,1.5,11.9
1980,Arizona,1.8,25.3,5.3,1.8,18.5
1981,Arizona,1.7,31.1,6.5,1.6,18.7
1982,Arizona,1.7,30.6,5.8,1.8,18.3
1983,Arizona,1.6,26.3,5.7,1.8,18.5
1984,Arizona,1.6,28.8,6.4,1.7,19.6
1985,Arizona,1.7,31.0,5.7,1.8,20.5
1986,Arizona,1.6,25.3,6.4,1.6,21.1
1987,Arizona,1.9,27.0,3.5,1.8,21.9
1988,Arizona,1.9,29.4,3.7,1.7,22.6
1989,Arizona,1.9,34.8,4.2,1.7,22.6
1990,Arizona,1.9,32.5,3.9,1.8,22.7
1991,Arizona,1.8,32.8,4.0,1.9,23.3
1992,Arizona,1.8,35.4,4.0,1.8,23.6
1993,Arizona,1.7,36.6,4.0,1.7,24.9
1994,Arizona,1.8,38.1,4.4,1.8,25.6
1995,Arizona,1.8,32.4,4.7,1.7,26.1
1996,Arizona,1.9,32.4,4.9,1.7,27.6
1997,Arizona,2.0,35.1,5.0,1.8,27.6
1998,Arizona,2.3,37.6,4.7,2.2,29.8
1999,Arizona,2.2,39.8,4.8,2.1,31.5
2000,Arizona,2.2,44.7,4.8,2.1,32.3
2001,Arizona,2.1,46.0,4.9,2.2,33.3
2002,Arizona,2.2,45.0,4.3,2.2,34.2
2003,Arizona,2.0,46.1,4.1,2.1,35.2
2004,Arizona,2.0,51.7,4.6,2.2,36.0
2005,Arizona,2.0,50.8,5.0,2.1,36.7
2006,Arizona,2.0,52.7,5.1,2.2,37.9
2007,Arizona,2.1,55.2,4.9,2.3,37.4
2008,Arizona,2.4,57.6,5.5,2.4,34.4
2009,Arizona,2.2,52.5,4.3,2.2,32.3
2010,Arizona,2.4,54.4,4.7,2.3,31.6
2011,Arizona,2.4,52.3,5.1,2.4,31.3
2012,Arizona,2.3,51.3,5.0,2.1,30.7
2013,Arizona,2.4,54.7,4.6,2.4,31.1
2014,Arizona,2.2,53.1,4.5,2.0,31.3
2015,Arizona,2.9,49.6,4.4,2.1,31.9
2016,Arizona,2.9,44.3,4.6,2.2,33.1
1980,Arkansas,2.1,7.6,10.7,3.0,14.3
1981,Arkansas,1.8,12.2,11.3,2.7,14.7
1982,Arkansas,1.9,13.0,10.2,2.8,14.7
1983,Arkansas,3.1,17.7,9.4,3.1,13.7
1984,Arkansas,2.3,16.0,8.9,2.9,14.5
1985,Arkansas,2.0,20.6,9.7,2.7,14.3
1986,Arkansas,1.6,22.0,9.2,2.6,14.7
1987,Arkansas,1.6,21.0,6.6,2.6,15.3
1988,Arkansas,1.7,21.4,9.3,2.7,16.0
1989,Arkansas,1.7,20.3,10.3,2.7,16.5
1990,Arkansas,1.6,21.3,9.5,2.5,16.0
1991,Arkansas,1.6,21.3,8.2,2.6,16.2
1992,Arkansas,1.6,21.6,9.7,2.5,16.1
1993,Arkansas,1.8,19.4,9.8,2.8,16.8
1994,Arkansas,1.7,21.6,10.6,2.6,18.0
1995,Arkansas,1.8,23.5,11.6,2.7,18.4
1996,Arkansas,1.9,25.7,11.4,2.9,18.7
1997,Arkansas,1.8,24.1,11.7,2.7,19.3
1998,Arkansas,1.8,25.7,11.6,2.4,19.5
1999,Arkansas,1.8,26.8,11.2,2.7,20.7
2000,Arkansas,2.1,26.4,11.4,2.9,20.8
2001,Arkansas,2.1,27.0,11.3,2.7,19.7
2002,Arkansas,2.1,25.5,10.7,2.6,20.3
2003,Arkansas,2.2,26.3,10.8,2.5,20.2
2004,Arkansas,2.0,27.1,10.5,2.3,20.5
2005,Arkansas,2.1,25.3,10.1,2.2,20.5
2006,Arkansas,1.9,27.4,10.1,2.1,20.5
2007,Arkansas,1.9,28.6,10.0,2.1,20.8
2008,Arkansas,2.2,29.0,10.6,2.3,20.1
2009,Arkansas,2.5,28.8,8.1,2.2,19.9
2010,Arkansas,2.6,32.3,9.0,2.3,19.6
2011,Arkansas,2.5,34.2,9.0,2.1,19.4
2012,Arkansas,2.5,34.6,8.6,1.6,18.7
2013,Arkansas,2.8,35.5,9.2,2.2,18.7
2014,Arkansas,3.1,35.5,9.1,2.4,19.0
2015,Arkansas,3.1,27.0,8.3,2.0,18.8
2016,Arkansas,2.9,30.2,8.2,1.7,19.4
1980,California,20.2,61.1,66.0,30.4,170.9
1981,California,21.5,59.4,58.3,28.0,169.3
1982,California,18.7,37.8,52.1,30.8,160.3
1983,California,16.2,31.4,56.8,28.7,161.8
1984,California,15.7,34.3,70.0,27.0,170.2
1985,California,14.0,39.6,67.4,30.3,169.5
1986,California,14.0,27.4,62.4,26.6,175.2
1987,California,15.9,37.2,69.7,28.6,184.7
1988,California,17.6,36.6,66.3,28.5,195.4
1989,California,17.8,44.2,65.5,29.8,201.8
1990,California,19.0,40.4,67.2,29.5,203.2
1991,California,19.1,38.0,67.9,29.3,192.5
1992,California,17.4,45.6,68.8,27.2,192.2
1993,California,15.5,42.0,65.9,28.8,188.5
1994,California,15.9,49.5,65.3,29.4,197.0
1995,California,17.0,37.1,63.6,26.8,201.2
1996,California,14.7,32.8,65.3,27.0,204.4
1997,California,15.3,35.8,70.1,26.8,198.8
1998,California,17.8,39.4,68.5,32.3,199.6
1999,California,14.9,43.3,66.7,32.0,204.0
2000,California,14.4,52.9,67.3,27.6,215.1
2001,California,14.8,57.8,69.3,28.7,211.0
2002,California,14.2,43.7,70.3,28.7,223.2
2003,California,14.0,42.7,70.7,28.4,213.2
2004,California,14.1,46.3,74.2,29.4,222.7
2005,California,14.2,41.9,70.8,28.2,228.6
2006,California,14.4,46.5,70.0,28.4,232.9
2007,California,15.1,50.0,68.1,28.6,235.5
2008,California,15.6,50.9,66.5,28.8,219.7
2009,California,15.6,47.8,62.7,28.3,213.7
2010,California,16.1,43.4,65.1,28.9,209.2
2011,California,15.7,36.4,65.0,29.7,201.8
2012,California,15.9,48.0,65.0,27.3,196.9
2013,California,15.9,45.7,68.9,27.7,197.7
2014,California,15.1,46.3,68.6,22.9,200.1
2015,California,18.6,44.3,68.8,23.4,205.7
2016,California,18.9,36.6,68.8,24.1,213.0
1980,Colorado,3.9,20.8,10.5,5.0,17.7
1981,Colorado,3.5,23.0,8.5,4.4,17.6
1982,Colorado,3.9,23.7,7.2,5.0,18.3
1983,Colorado,4.0,22.6,6.5,5.2,18.0
1984,Colorado,4.4,25.3,6.2,5.2,18.7
1985,Colorado,4.1,26.5,5.2,5.0,19.4
1986,Colorado,3.6,26.3,5.5,4.5,19.6
1987,Colorado,3.9,26.7,5.0,4.8,19.8
1988,Colorado,4.2,28.2,5.8,5.1,19.2
1989,Colorado,4.0,29.8,6.4,5.1,18.6
1990,Colorado,3.7,30.9,6.4,5.0,19.0
1991,Colorado,4.2,30.3,7.4,5.7,19.2
1992,Colorado,4.0,31.2,7.6,5.4,19.5
1993,Colorado,4.1,31.8,8.3,6.0,21.3
1994,Colorado,4.0,33.2,7.8,5.6,21.6
1995,Colorado,3.9,32.2,7.7,6.0,22.3
1996,Colorado,4.1,33.9,7.9,6.4,22.8
1997,Colorado,4.1,34.1,8.3,6.2,22.6
1998,Colorado,3.7,35.5,8.8,5.9,23.7
1999,Colorado,3.8,35.6,8.4,6.4,25.2
2000,Colorado,3.7,39.2,9.3,6.8,25.5
2001,Colorado,4.4,41.4,12.8,7.2,26.9
2002,Colorado,4.3,40.1,12.1,7.5,26.7
2003,Colorado,4.2,40.3,11.8,7.6,26.3
2004,Colorado,4.0,40.3,12.5,7.2,29.0
2005,Colorado,4.0,40.6,13.4,7.5,29.6
2006,Colorado,3.7,41.6,13.5,7.1,30.4
2007,Colorado,3.7,42.9,13.4,7.8,31.0
2008,Colorado,4.5,41.0,13.8,8.0,29.5
2009,Colorado,4.6,38.4,13.4,7.6,28.7
2010,Colorado,4.2,39.9,14.4,7.8,29.0
2011,Colorado,3.9,38.9,13.0,7.8,28.0
2012,Colorado,3.3,39.1,13.3,7.0,27.9
2013,Colorado,3.7,38.5,13.3,8.1,27.5
2014,Colorado,3.7,37.7,14.1,8.0,28.2
2015,Colorado,4.0,36.6,14.4,7.5,27.9
2016,Colorado,3.9,35.3,14.3,7.5,28.2
1980,Connecticut,3.1,10.7,6.3,7.7,13.2
1981,Connecticut,3.1,9.1,3.5,7.5,12.9
1982,Connecticut,3.1,8.6,3.8,7.2,13.2
1983,Connecticut,3.5,9.8,3.0,5.9,13.3
1984,Connecticut,4.2,10.3,3.4,6.8,13.9
1985,Connecticut,4.1,10.5,3.1,6.8,14.0
1986,Connecticut,4.0,11.1,3.0,7.7,14.2
1987,Connecticut,3.9,10.1,3.3,8.0,14.9
1988,Connecticut,3.8,11.3,3.3,8.9,15.4
1989,Connecticut,4.3,12.1,3.1,9.2,15.5
1990,Connecticut,3.8,11.3,3.0,8.1,14.6
1991,Connecticut,3.6,10.9,3.2,7.8,14.5
1992,Connecticut,4.3,8.7,3.4,9.3,14.6
1993,Connecticut,3.8,7.5,3.5,8.9,14.7
1994,Connecticut,4.1,7.4,3.1,8.5,14.6
1995,Connecticut,3.8,8.2,2.8,7.8,14.3
1996,Connecticut,4.1,9.3,3.0,8.3,15.1
1997,Connecticut,4.3,12.5,2.8,8.0,15.2
1998,Connecticut,4.0,11.4,2.7,7.0,15.4
1999,Connecticut,4.3,10.2,2.7,7.9,16.6
2000,Connecticut,4.5,10.9,2.8,8.6,16.1
2001,Connecticut,4.3,9.6,2.6,8.3,16.9
2002,Connecticut,4.1,8.6,2.5,8.1,16.8
2003,Connecticut,4.9,7.9,3.0,9.6,17.3
2004,Connecticut,3.9,8.7,2.8,10.1,19.2
2005,Connecticut,3.7,10.0,2.9,9.2,18.3
2006,Connecticut,3.3,9.5,2.8,8.0,17.5
2007,Connecticut,3.3,8.8,2.5,8.2,17.4
2008,Connecticut,3.4,7.9,1.9,8.0,16.4
2009,Connecticut,3.3,6.5,2.1,8.1,16.0
2010,Connecticut,3.3,7.7,2.0,7.5,15.7
2011,Connecticut,3.6,6.6,2.1,7.2,15.5
2012,Connecticut,3.2,7.2,2.0,6.6,15.1
2013,Connecticut,3.6,6.8,2.2,7.2,15.2
2014,Connecticut,3.8,6.7,2.1,7.5,15.1
2015,Connecticut,4.3,7.4,1.9,7.7,15.1
2016,Connecticut,3.9,7.0,1.8,6.3,15.3
1980,Delaware,2.6,5.8,3.9,1.1,3.9
1981,Delaware,1.5,7.4,2.7,1.0,3.7
1982,Delaware,1.1,6.3,2.6,1.0,3.5
1983,Delaware,0.5,8.8,2.8,1.1,4.0
1984,Delaware,0.5,8.6,3.4,1.4,4.1
1985,Delaware,0.5,8.2,2.9,1.4,4.1
1986,Delaware,0.5,8.0,2.8,1.1,4.3
1987,Delaware,0.6,8.0,3.0,1.3,4.7
1988,Delaware,0.6,8.4,3.1,1.3,4.6
1989,Delaware,0.6,7.8,3.0,1.3,4.7
1990,Delaware,0.6,7.5,2.9,1.0,4.5
1991,Delaware,0.6,7.8,2.8,1.1,5.1
1992,Delaware,0.5,6.8,3.0,1.1,4.7
1993,Delaware,0.7,7.6,3.3,1.1,4.9
1994,Delaware,0.6,7.1,3.5,1.2,4.6
1995,Delaware,0.6,6.7,3.4,1.2,4.3
1996,Delaware,0.7,6.6,3.3,1.3,4.8
1997,Delaware,0.7,5.7,3.1,1.1,4.7
1998,Delaware,0.6,5.5,3.1,1.1,4.7
1999,Delaware,0.6,5.1,3.4,1.1,4.9
2000,Delaware,0.6,5.3,3.7,1.2,5.1
2001,Delaware,0.7,5.2,3.7,1.2,4.7
2002,Delaware,0.7,5.1,3.2,1.2,4.9
2003,Delaware,0.8,5.9,2.9,1.3,4.8
2004,Delaware,0.8,6.0,3.1,1.2,4.9
2005,Delaware,0.7,6.4,3.3,1.2,5.2
2006,Delaware,0.7,5.7,3.1,1.0,5.2
2007,Delaware,0.7,6.7,3.0,1.0,5.2
2008,Delaware,0.6,6.2,2.8,1.0,5.0
2009,Delaware,0.8,3.8,1.5,1.0,4.8
2010,Delaware,0.8,4.2,0.8,1.0,4.3
2011,Delaware,0.7,3.8,2.7,0.9,4.1
2012,Delaware,0.7,4.6,3.1,0.8,4.2
2013,Delaware,0.8,4.1,3.2,0.9,4.1
2014,Delaware,0.8,3.6,3.1,1.0,4.2
2015,Delaware,0.9,3.3,3.2,1.0,4.4
2016,Delaware,0.9,3.6,3.4,0.8,4.6
1980,District of Columbia,1.2,0.8,0.3,1.1,1.9
1981,District of Columbia,1.2,0.4,0.2,0.9,2.0
1982,District of Columbia,1.4,0.1,0.1,1.0,2.6
1983,District of Columbia,1.8,0.3,0.0,1.0,2.0
1984,District of Columbia,1.7,0.4,0.0,1.3,1.9
1985,District of Columbia,1.4,0.2,0.0,1.2,1.9
1986,District of Columbia,1.7,0.2,0.1,1.2,2.1
1987,District of Columbia,1.6,0.3,0.0,1.1,1.9
1988,District of Columbia,1.2,0.5,0.0,1.1,2.0
1989,District of Columbia,1.3,0.7,0.0,1.0,2.0
1990,District of Columbia,1.2,0.4,0.0,0.9,1.8
1991,District of Columbia,1.4,0.2,0.0,0.9,1.8
1992,District of Columbia,1.4,0.1,0.0,1.0,1.8
1993,District of Columbia,1.4,0.2,0.0,1.0,1.9
1994,District of Columbia,1.4,0.3,0.0,0.9,1.8
1995,District of Columbia,1.4,0.2,0.0,1.0,1.8
1996,District of Columbia,1.4,0.1,0.0,1.1,1.7
1997,District of Columbia,1.4,0.1,0.0,1.0,1.8
1998,District of Columbia,1.3,0.3,0.0,0.8,1.7
1999,District of Columbia,1.2,0.3,0.1,0.9,1.7
2000,District of Columbia,1.3,0.2,0.0,0.9,1.8
2001,District of Columbia,1.4,0.2,0.1,0.8,1.7
2002,District of Columbia,1.3,0.3,0.1,0.9,1.6
2003,District of Columbia,1.2,0.1,0.1,1.0,1.6
2004,District of Columbia,1.3,0.1,0.1,0.9,1.7
2005,District of Columbia,1.3,0.2,0.1,0.9,1.4
2006,District of Columbia,1.1,0.1,0.1,0.7,1.2
2007,District of Columbia,1.2,0.1,0.0,0.8,1.2
2008,District of Columbia,1.1,0.1,0.0,0.8,1.0
2009,District of Columbia,1.2,0.0,0.0,0.8,1.1
2010,District of Columbia,1.2,0.2,0.0,0.8,1.0
2011,District of Columbia,1.1,0.2,0.0,0.7,1.1
2012,District of Columbia,0.9,0.0,0.0,0.7,1.0
2013,District of Columbia,1.0,0.0,0.0,0.8,1.0
2014,District of Columbia,1.0,0.0,0.0,0.8,1.1
2015,District of Columbia,1.0,0.0,0.0,0.8,1.1
2016,District of Columbia,0.9,0.0,0.0,0.6,1.1
1980,Florida,4.5,64.5,19.0,2.2,68.2
1981,Florida,4.6,68.2,15.3,2.2,68.2
1982,Florida,3.2,58.4,11.6,1.7,66.9
1983,Florida,4.6,62.7,11.7,1.8,66.8
1984,Florida,5.3,58.7,13.0,2.1,65.5
1985,Florida,6.7,62.6,13.6,2.2,67.9
1986,Florida,7.1,72.1,11.4,2.1,71.7
1987,Florida,6.7,78.7,11.0,2.1,76.1
1988,Florida,6.3,83.4,12.6,2.0,80.6
1989,Florida,5.7,88.4,12.1,1.7,81.4
1990,Florida,6.3,87.0,12.4,1.5,81.4
1991,Florida,6.0,93.3,11.8,1.6,77.1
1992,Florida,6.0,91.1,13.4,1.7,79.9
1993,Florida,4.8,95.5,14.7,1.7,78.9
1994,Florida,4.3,97.3,15.5,1.6,84.4
1995,Florida,4.3,99.0,16.9,1.5,86.5
1996,Florida,4.2,103.9,16.9,1.7,87.2
1997,Florida,3.6,107.9,15.7,1.4,90.4
1998,Florida,3.5,119.2,16.0,1.4,91.8
1999,Florida,3.6,115.6,16.2,1.4,94.5
2000,Florida,4.8,117.9,15.3,1.5,100.3
2001,Florida,4.9,118.9,14.5,1.4,98.8
2002,Florida,5.0,121.2,13.0,1.4,101.2
2003,Florida,4.9,126.1,13.9,1.4,99.6
2004,Florida,5.8,126.4,12.8,1.5,110.6
2005,Florida,5.7,126.9,13.1,1.5,113.5
2006,Florida,5.2,123.4,13.2,1.4,116.0
2007,Florida,4.7,124.5,11.9,1.3,114.4
2008,Florida,4.8,117.1,11.6,1.3,103.7
2009,Florida,4.8,110.5,10.4,1.4,97.2
2010,Florida,5.3,119.5,11.8,1.6,104.2
2011,Florida,4.7,110.4,10.4,1.3,102.4
2012,Florida,4.7,107.0,10.7,1.1,99.5
2013,Florida,5.1,104.6,11.1,1.1,100.0
2014,Florida,5.3,109.2,10.9,1.3,101.1
2015,Florida,6.8,107.6,11.7,1.2,104.8
2016,Florida,7.3,105.9,12.0,1.2,103.6
1980,Georgia,3.8,48.0,16.5,6.0,39.1
1981,Georgia,4.1,49.8,15.6,5.8,38.6
1982,Georgia,3.9,48.0,14.5,5.4,38.6
1983,Georgia,4.6,51.9,15.2,5.8,39.9
1984,Georgia,5.0,60.4,17.0,6.2,41.5
1985,Georgia,4.2,64.6,20.2,5.7,42.0
1986,Georgia,4.2,61.4,15.6,5.9,44.2
1987,Georgia,4.4,62.3,16.5,6.5,47.1
1988,Georgia,4.5,61.1,17.4,6.9,49.4
1989,Georgia,4.0,58.1,17.7,6.7,47.9
1990,Georgia,3.9,62.2,18.9,5.8,48.5
1991,Georgia,3.6,55.8,18.4,6.2,47.3
1992,Georgia,4.0,53.6,18.4,6.9,47.8
1993,Georgia,4.0,58.0,17.9,7.4,53.0
1994,Georgia,3.9,60.3,18.6,6.8,53.6
1995,Georgia,4.1,64.4,19.6,7.2,56.2
1996,Georgia,4.1,64.1,20.2,7.9,59.4
1997,Georgia,4.1,68.8,19.5,7.3,57.1
1998,Georgia,3.7,70.3,18.0,6.8,59.1
1999,Georgia,3.3,71.6,17.9,6.4,61.1
2000,Georgia,4.1,75.5,19.0,8.7,61.2
2001,Georgia,3.8,70.2,18.4,7.4,61.1
2002,Georgia,3.4,75.0,18.2,7.7,61.3
2003,Georgia,3.4,75.1,19.0,7.9,63.2
2004,Georgia,3.8,77.2,19.1,7.8,66.0
2005,Georgia,3.6,85.1,19.2,7.6,68.8
2006,Georgia,3.2,85.8,18.2,6.7,67.9
2007,Georgia,3.2,91.4,16.8,6.8,66.2
2008,Georgia,3.4,85.6,15.5,7.2,60.2
2009,Georgia,3.5,73.7,13.6,7.1,64.1
2010,Georgia,4.0,79.1,14.6,8.3,65.6
2011,Georgia,3.8,67.8,14.0,6.7,64.0
2012,Georgia,3.6,55.7,13.3,6.0,57.5
2013,Georgia,4.0,53.6,14.0,7.0,55.9
2014,Georgia,4.1,59.5,14.6,7.8,53.5
2015,Georgia,4.7,55.7,13.4,6.9,56.4
2016,Georgia,4.6,57.5,13.3,6.8,54.0
1980,Hawaii,0.3,5.5,1.8,0.0,10.5
1981,Hawaii,0.2,5.5,1.7,0.0,8.9
1982,Hawaii,0.2,5.2,2.3,0.0,7.3
1983,Hawaii,0.1,5.3,1.0,0.0,8.5
1984,Hawaii,0.1,5.5,1.0,0.0,9.3
1985,Hawaii,0.1,5.4,1.2,0.0,10.3
1986,Hawaii,0.1,5.7,1.7,0.0,9.1
1987,Hawaii,0.2,6.0,1.7,0.0,8.9
1988,Hawaii,1.2,6.4,2.1,0.0,10.1
1989,Hawaii,1.0,6.7,1.8,0.0,11.1
1990,Hawaii,0.6,7.6,2.1,0.0,11.1
1991,Hawaii,0.3,6.3,2.0,0.0,10.9
1992,Hawaii,0.8,7.2,2.0,0.0,10.5
1993,Hawaii,0.2,7.2,2.0,0.0,9.4
1994,Hawaii,0.4,7.5,2.3,0.0,10.1
1995,Hawaii,0.2,7.7,2.3,0.0,10.0
1996,Hawaii,0.1,8.0,2.4,0.0,8.7
1997,Hawaii,0.2,8.0,2.1,0.0,8.3
1998,Hawaii,1.0,7.8,1.6,0.1,8.1
1999,Hawaii,0.2,7.9,1.4,0.0,8.8
2000,Hawaii,0.2,8.0,1.4,0.0,9.0
2001,Hawaii,0.1,8.0,1.4,0.0,9.5
2002,Hawaii,0.2,8.6,1.5,0.0,10.0
2003,Hawaii,0.2,7.9,1.6,0.0,11.6
2004,Hawaii,0.2,8.2,1.5,0.0,12.3
2005,Hawaii,0.2,8.1,1.8,0.0,12.7
2006,Hawaii,0.2,8.1,1.9,0.0,12.9
2007,Hawaii,0.2,8.1,1.7,0.0,14.0
2008,Hawaii,0.2,7.9,1.6,0.1,9.5
2009,Hawaii,0.3,7.7,1.6,0.1,9.3
2010,Hawaii,0.2,7.6,1.5,0.1,9.6
2011,Hawaii,0.3,7.4,1.6,0.1,10.1
2012,Hawaii,0.3,7.1,1.5,0.1,10.0
2013,Hawaii,0.3,6.8,1.4,0.1,9.9
2014,Hawaii,0.3,6.7,1.4,0.1,9.9
2015,Hawaii,0.4,6.6,1.4,0.0,10.1
2016,Hawaii,0.3,6.6,1.3,0.0,10.2
1980,Idaho,0.9,0.0,3.8,0.7,5.9
1981,Idaho,0.6,0.0,3.6,0.7,5.4
1982,Idaho,0.7,0.0,3.2,0.6,5.3
1983,Idaho,0.7,0.0,3.0,0.7,5.2
1984,Idaho,0.9,0.0,2.8,0.7,5.4
1985,Idaho,0.8,0.0,2.8,0.8,5.6
1986,Idaho,0.7,0.0,2.7,0.7,5.7
1987,Idaho,0.7,0.0,3.0,0.7,5.8
1988,Idaho,0.9,0.0,3.1,0.8,5.9
1989,Idaho,0.9,0.0,3.3,0.8,6.1
1990,Idaho,0.8,0.0,3.5,0.8,6.3
1991,Idaho,0.9,0.0,4.0,0.9,6.2
1992,Idaho,0.9,0.0,3.4,0.8,6.3
1993,Idaho,0.8,0.0,3.5,1.0,7.1
1994,Idaho,0.8,0.0,3.6,0.9,7.3
1995,Idaho,0.8,0.0,3.8,1.0,7.8
1996,Idaho,1.0,0.0,4.1,1.1,7.9
1997,Idaho,0.9,0.1,3.6,1.1,8.1
1998,Idaho,0.9,0.1,3.7,1.1,8.3
1999,Idaho,1.1,0.1,3.7,1.4,8.7
2000,Idaho,1.1,0.1,4.2,1.5,8.8
2001,Idaho,1.0,0.6,4.0,1.4,8.6
2002,Idaho,1.0,0.1,3.8,1.4,8.7
2003,Idaho,0.9,0.5,3.5,1.3,8.3
2004,Idaho,1.0,0.6,3.8,1.6,8.6
2005,Idaho,1.0,0.6,4.0,1.6,8.6
2006,Idaho,1.0,0.5,3.5,1.6,9.2
2007,Idaho,1.1,0.7,3.5,1.6,9.5
2008,Idaho,1.1,0.7,3.3,1.8,8.6
2009,Idaho,1.0,0.7,3.3,1.7,8.5
2010,Idaho,1.1,0.7,3.4,1.6,9.2
2011,Idaho,1.2,0.4,3.6,1.8,8.9
2012,Idaho,1.1,0.7,3.3,1.5,9.0
2013,Idaho,1.2,1.3,3.5,1.8,9.2
2014,Idaho,1.2,1.0,3.6,1.6,9.3
2015,Idaho,1.3,1.5,3.4,1.5,10.3
2016,Idaho,1.4,1.3,3.4,1.6,10.8
1980,Illinois,15.0,74.5,56.7,27.7,57.9
1981,Illinois,15.1,69.0,48.9,26.8,55.2
1982,Illinois,14.6,66.1,42.7,26.7,53.8
1983,Illinois,14.8,70.8,43.6,25.5,55.3
1984,Illinois,16.5,66.5,45.4,28.1,49.1
1985,Illinois,14.3,64.1,42.8,26.3,50.5
1986,Illinois,13.0,63.7,44.8,25.0,49.7
1987,Illinois,12.2,60.1,48.6,23.5,50.2
1988,Illinois,13.5,55.0,51.0,26.6,53.7
1989,Illinois,12.2,53.9,42.2,28.7,54.7
1990,Illinois,12.4,57.2,42.1,25.3,54.0
1991,Illinois,11.9,58.2,42.4,26.6,51.8
1992,Illinois,12.1,53.0,41.9,26.9,52.6
1993,Illinois,12.5,63.9,43.3,28.0,55.6
1994,Illinois,12.2,66.3,44.6,26.8,53.7
1995,Illinois,12.4,67.0,44.8,28.3,55.3
1996,Illinois,13.3,74.6,45.8,30.7,57.2
1997,Illinois,12.9,79.7,46.4,28.5,57.5
1998,Illinois,11.0,78.6,43.3,23.5,58.7
1999,Illinois,11.4,79.4,42.9,25.8,64.8
2000,Illinois,12.2,85.7,40.6,26.6,66.5
2001,Illinois,11.6,85.9,37.1,24.0,64.3
2002,Illinois,12.3,88.2,36.6,25.9,62.2
2003,Illinois,12.8,88.3,36.0,26.5,65.1
2004,Illinois,12.1,94.0,36.3,24.8,68.7
2005,Illinois,11.7,93.3,36.4,24.5,76.1
2006,Illinois,11.5,91.9,35.7,22.4,72.5
2007,Illinois,11.7,96.8,36.2,24.4,72.4
2008,Illinois,13.1,96.7,35.3,26.6,68.3
2009,Illinois,13.1,90.4,29.7,25.0,66.7
2010,Illinois,11.5,94.0,35.3,23.6,65.5
2011,Illinois,12.4,91.2,36.6,23.6,65.0
2012,Illinois,10.9,85.3,36.7,20.3,62.9
2013,Illinois,13.5,89.0,37.6,25.8,63.7
2014,Illinois,14.3,87.9,38.1,27.1,65.1
2015,Illinois,13.4,76.4,34.3,22.9,67.9
2016,Illinois,13.3,66.4,33.9,22.1,68.3
1980,Indiana,6.3,68.7,64.7,12.0,31.3
1981,Indiana,5.0,66.0,63.4,11.2,31.7
1982,Indiana,5.7,62.9,50.0,11.4,30.6
1983,Indiana,6.9,69.3,49.9,9.9,30.7
1984,Indiana,7.2,78.1,51.7,10.4,35.8
1985,Indiana,6.2,77.0,51.7,9.9,36.4
1986,Indiana,5.6,75.2,47.1,9.8,38.6
1987,Indiana,5.4,76.1,50.7,9.8,40.3
1988,Indiana,5.9,82.2,54.5,10.8,39.2
1989,Indiana,5.9,86.6,53.7,10.9,40.2
1990,Indiana,5.4,95.9,52.9,9.6,40.6
1991,Indiana,5.3,95.8,50.4,9.8,39.6
1992,Indiana,5.5,94.2,48.6,10.0,39.1
1993,Indiana,5.7,97.6,47.5,10.8,41.0
1994,Indiana,5.6,100.9,43.0,10.3,42.5
1995,Indiana,5.6,102.5,45.4,10.3,43.7
1996,Indiana,6.0,104.1,47.4,11.7,42.9
1997,Indiana,5.8,108.9,47.5,11.0,42.9
1998,Indiana,5.5,111.3,47.8,9.1,43.3
1999,Indiana,5.4,114.2,48.6,10.2,44.2
2000,Indiana,6.2,120.6,52.7,10.5,46.2
2001,Indiana,5.6,115.6,53.2,9.3,42.3
2002,Indiana,5.8,114.8,52.9,10.1,45.6
2003,Indiana,6.7,116.6,53.6,11.0,47.1
2004,Indiana,6.4,119.2,54.6,9.6,44.8
2005,Indiana,5.4,122.2,51.4,9.4,45.0
2006,Indiana,4.7,122.2,50.6,8.0,46.0
2007,Indiana,5.1,122.2,50.2,9.0,44.8
2008,Indiana,6.1,122.5,47.0,9.7,41.4
2009,Indiana,5.8,109.1,40.3,8.9,39.9
2010,Indiana,5.4,114.3,46.1,8.6,41.9
2011,Indiana,5.3,108.6,44.9,8.2,41.9
2012,Indiana,4.6,98.8,43.2,7.0,40.8
2013,Indiana,5.4,98.4,44.9,8.7,42.6
2014,Indiana,5.9,103.3,43.4,9.4,43.3
2015,Indiana,5.4,87.3,41.9,8.0,43.4
2016,Indiana,5.2,83.7,42.0,7.6,43.4
1980,Iowa,3.4,19.2,13.4,6.6,16.7
1981,Iowa,3.3,20.5,12.7,6.0,15.7
1982,Iowa,3.6,19.8,11.7,6.6,15.8
1983,Iowa,3.6,20.7,10.5,5.8,15.6
1984,Iowa,3.7,20.4,10.7,5.7,15.5
1985,Iowa,3.2,21.5,10.2,5.1,15.2
1986,Iowa,2.7,20.9,10.2,4.7,15.0
1987,Iowa,2.6,22.6,10.2,4.0,15.6
1988,Iowa,3.0,24.4,10.8,4.8,16.1
1989,Iowa,2.6,24.6,11.0,4.7,16.2
1990,Iowa,2.7,26.2,10.9,4.2,16.2
1991,Iowa,3.0,27.1,11.8,4.7,15.6
1992,Iowa,2.6,26.1,12.1,4.3,15.4
1993,Iowa,2.7,27.8,13.4,4.9,16.0
1994,Iowa,2.4,27.8,14.0,4.7,17.0
1995,Iowa,2.6,29.7,14.6,4.9,17.7
1996,Iowa,3.2,29.7,14.0,5.5,18.9
1997,Iowa,3.3,30.3,13.6,5.2,18.4
1998,Iowa,2.9,34.2,14.3,4.3,19.1
1999,Iowa,3.4,34.2,15.0,5.0,18.9
2000,Iowa,3.2,36.0,14.9,5.0,18.6
2001,Iowa,3.2,36.1,14.5,4.4,18.5
2002,Iowa,3.3,35.8,14.4,4.7,19.1
2003,Iowa,3.4,35.9,13.3,4.8,19.3
2004,Iowa,3.1,36.4,14.8,4.4,20.3
2005,Iowa,3.1,35.5,14.6,4.3,21.0
2006,Iowa,3.5,35.8,15.1,4.0,21.6
2007,Iowa,3.7,39.0,16.2,4.4,21.9
2008,Iowa,4.1,40.8,17.9,5.1,21.1
2009,Iowa,4.3,37.0,17.3,4.7,20.6
2010,Iowa,4.1,40.6,18.6,4.4,20.6
2011,Iowa,4.2,37.2,18.9,4.4,20.8
2012,Iowa,3.8,34.3,17.7,3.6,19.9
2013,Iowa,4.6,32.1,19.2,4.7,20.3
2014,Iowa,4.6,32.5,18.9,5.0,20.9
2015,Iowa,4.3,28.4,18.8,4.1,20.2
2016,Iowa,3.5,24.7,19.5,4.1,21.4
1980,Kansas,3.4,22.8,16.9,5.1,18.9
1981,Kansas,3.0,23.6,14.9,4.4,18.0
1982,Kansas,3.2,22.5,15.0,4.9,17.4
1983,Kansas,3.3,23.8,13.8,4.8,16.9
1984,Kansas,3.6,27.0,18.7,4.5,17.3
1985,Kansas,3.4,24.8,17.4,4.6,18.1
1986,Kansas,3.2,24.0,15.0,4.0,18.6
1987,Kansas,3.2,25.5,16.5,4.2,19.1
1988,Kansas,3.5,26.0,16.8,4.4,20.0
1989,Kansas,3.4,25.9,16.1,4.4,19.4
1990,Kansas,3.2,26.7,16.0,4.1,19.1
1991,Kansas,3.4,26.9,15.3,4.4,17.9
1992,Kansas,3.1,24.3,16.4,4.0,17.6
1993,Kansas,3.3,29.4,15.6,4.7,17.9
1994,Kansas,3.1,29.5,17.6,4.2,17.0
1995,Kansas,3.2,28.5,13.8,4.4,18.9
1996,Kansas,3.5,32.7,14.3,5.0,18.7
1997,Kansas,2.5,30.5,15.5,4.3,18.5
1998,Kansas,2.5,31.1,13.9,4.3,18.6
1999,Kansas,2.4,33.0,14.3,4.6,19.7
2000,Kansas,2.5,36.1,14.0,4.4,18.6
2001,Kansas,2.4,34.9,12.5,4.2,17.4
2002,Kansas,2.4,38.2,13.7,4.4,17.7
2003,Kansas,2.4,38.0,14.0,4.4,19.5
2004,Kansas,2.3,37.3,12.8,4.1,18.9
2005,Kansas,1.8,37.1,11.0,4.0,17.7
2006,Kansas,1.7,35.1,12.8,3.5,18.8
2007,Kansas,1.9,38.5,16.2,3.9,19.2
2008,Kansas,2.1,36.4,12.6,4.5,18.7
2009,Kansas,2.0,35.3,11.3,4.5,19.3
2010,Kansas,2.0,35.4,11.6,4.2,19.1
2011,Kansas,1.9,34.2,11.6,4.1,18.6
2012,Kansas,1.6,30.7,11.8,3.2,18.4
2013,Kansas,2.0,32.0,11.7,4.2,19.5
2014,Kansas,2.2,30.7,11.7,4.4,20.5
2015,Kansas,2.5,26.4,12.2,3.7,19.0
2016,Kansas,2.4,24.8,12.8,3.4,18.7
1980,Kentucky,4.2,52.6,17.8,5.7,22.7
1981,Kentucky,3.4,55.9,14.2,4.9,22.6
1982,Kentucky,3.1,52.6,14.0,4.7,22.3
1983,Kentucky,3.5,52.5,14.8,4.6,23.4
1984,Kentucky,3.7,54.0,16.9,4.7,23.4
1985,Kentucky,3.2,58.2,17.2,4.5,22.3
1986,Kentucky,3.1,61.9,15.5,4.4,23.4
1987,Kentucky,2.9,61.9,16.1,4.5,24.3
1988,Kentucky,3.4,69.2,15.9,4.9,26.4
1989,Kentucky,3.0,63.3,17.1,4.8,28.0
1990,Kentucky,2.6,67.2,17.4,4.1,26.2
1991,Kentucky,2.8,68.4,16.0,4.4,26.2
1992,Kentucky,3.0,69.5,16.2,4.5,27.4
1993,Kentucky,3.0,77.7,17.7,4.9,28.7
1994,Kentucky,3.2,76.2,17.5,4.7,28.5
1995,Kentucky,3.1,78.7,19.2,4.9,29.6
1996,Kentucky,3.2,81.0,19.6,5.1,27.8
1997,Kentucky,3.4,84.0,18.8,5.0,30.0
1998,Kentucky,2.9,84.2,17.3,4.2,30.0
1999,Kentucky,3.4,86.8,16.6,4.6,31.1
2000,Kentucky,3.2,88.5,16.2,4.6,31.2
2001,Kentucky,3.0,89.5,17.2,3.9,31.7
2002,Kentucky,3.1,89.1,17.0,4.0,32.8
2003,Kentucky,3.0,87.2,16.2,4.3,31.4
2004,Kentucky,3.1,89.0,17.2,4.0,34.1
2005,Kentucky,3.0,92.2,17.3,3.9,33.2
2006,Kentucky,2.5,95.1,18.1,3.3,33.1
2007,Kentucky,2.5,94.3,17.8,3.5,34.4
2008,Kentucky,2.6,95.0,17.3,3.7,31.5
2009,Kentucky,2.3,87.0,14.8,3.6,31.9
2010,Kentucky,2.4,94.1,16.6,3.7,32.4
2011,Kentucky,2.3,93.5,16.9,3.5,31.8
2012,Kentucky,2.0,86.5,15.0,2.8,30.3
2013,Kentucky,2.4,86.1,14.3,3.4,30.0
2014,Kentucky,2.5,86.4,14.0,3.7,30.8
2015,Kentucky,2.6,76.7,14.0,3.2,31.7
2016,Kentucky,2.7,72.6,13.5,2.9,32.2
1980,Louisiana,9.4,27.5,120.8,4.3,46.1
1981,Louisiana,11.2,26.8,116.1,4.7,46.9
1982,Louisiana,10.5,26.8,105.7,4.0,41.1
1983,Louisiana,3.6,26.2,101.3,4.0,42.7
1984,Louisiana,3.1,27.2,100.3,4.0,42.5
1985,Louisiana,3.3,29.8,88.5,3.6,41.6
1986,Louisiana,3.1,30.7,93.6,3.4,47.0
1987,Louisiana,2.4,29.1,96.2,3.6,46.2
1988,Louisiana,2.2,33.1,96.3,3.5,49.4
1989,Louisiana,2.1,33.0,100.6,3.4,49.6
1990,Louisiana,1.9,34.2,106.2,3.1,49.2
1991,Louisiana,1.9,34.2,101.9,3.2,51.8
1992,Louisiana,2.0,35.6,106.3,3.3,52.0
1993,Louisiana,1.8,37.4,108.3,3.3,51.8
1994,Louisiana,1.7,38.7,110.7,3.1,54.3
1995,Louisiana,1.5,39.6,110.4,3.0,54.3
1996,Louisiana,1.6,35.3,113.4,3.3,59.4
1997,Louisiana,1.8,39.1,120.0,3.4,56.7
1998,Louisiana,1.6,41.4,104.7,3.0,55.5
1999,Louisiana,1.8,41.3,103.7,2.9,55.3
2000,Louisiana,2.6,42.7,115.9,3.3,61.2
2001,Louisiana,2.0,39.4,100.6,3.1,53.3
2002,Louisiana,1.9,41.5,106.0,2.9,54.6
2003,Louisiana,2.4,39.1,105.1,2.8,54.3
2004,Louisiana,2.2,41.0,115.0,2.5,53.3
2005,Louisiana,2.1,42.9,107.2,2.5,50.8
2006,Louisiana,1.5,37.8,121.4,2.1,54.8
2007,Louisiana,2.7,38.1,129.0,2.2,50.5
2008,Louisiana,1.6,39.8,134.4,2.2,47.5
2009,Louisiana,2.0,37.7,120.2,2.2,46.7
2010,Louisiana,1.9,42.4,125.1,2.6,49.3
2011,Louisiana,1.9,46.2,124.5,2.3,49.3
2012,Louisiana,1.9,42.9,120.0,1.8,45.2
2013,Louisiana,1.8,40.8,113.3,2.2,45.5
2014,Louisiana,2.0,39.3,113.1,2.6,44.3
2015,Louisiana,2.2,39.2,112.5,2.1,47.8
2016,Louisiana,2.2,36.1,121.7,1.8,47.3
1980,Maine,1.3,1.8,2.7,3.0,5.9
1981,Maine,1.1,1.9,3.3,2.4,5.9
1982,Maine,1.2,1.6,6.5,2.3,6.1
1983,Maine,1.2,1.7,2.9,1.6,6.0
1984,Maine,1.5,1.8,3.7,2.1,6.3
1985,Maine,1.3,1.7,2.4,2.8,6.7
1986,Maine,1.8,2.2,4.6,3.1,7.2
1987,Maine,1.4,2.2,3.2,3.1,7.7
1988,Maine,2.2,2.4,3.9,3.4,8.8
1989,Maine,2.1,2.6,3.7,3.2,7.9
1990,Maine,2.3,2.1,3.5,3.0,8.2
1991,Maine,2.3,1.7,4.1,3.0,7.6
1992,Maine,1.8,1.7,5.5,3.0,7.4
1993,Maine,1.8,1.3,5.2,3.1,7.6
1994,Maine,1.8,1.2,6.5,3.2,7.7
1995,Maine,1.5,1.3,5.1,3.9,7.3
1996,Maine,1.7,1.1,5.2,4.0,7.5
1997,Maine,1.7,1.8,4.6,3.9,7.9
1998,Maine,1.7,2.0,3.9,4.2,7.7
1999,Maine,1.6,3.4,3.6,4.0,8.0
2000,Maine,1.9,3.6,4.5,3.9,8.6
2001,Maine,1.6,5.7,3.7,3.8,7.6
2002,Maine,1.8,5.9,4.1,3.5,8.7
2003,Maine,2.3,4.8,2.5,4.7,9.3
2004,Maine,2.2,4.5,3.5,5.1,8.6
2005,Maine,2.1,3.8,3.3,4.6,9.3
2006,Maine,1.8,2.7,3.4,4.0,9.3
2007,Maine,2.2,2.6,3.5,3.8,8.9
2008,Maine,2.2,2.5,3.2,3.1,8.0
2009,Maine,1.8,2.4,2.9,2.9,8.4
2010,Maine,1.7,2.6,2.8,2.6,8.4
2011,Maine,1.8,2.1,2.7,2.7,8.3
2012,Maine,1.6,1.7,2.4,2.2,7.9
2013,Maine,1.6,1.4,2.4,2.4,8.8
2014,Maine,1.7,1.7,1.9,2.5,8.8
2015,Maine,1.8,1.6,1.7,3.0,8.8
2016,Maine,1.6,1.5,1.5,2.9,8.9
1980,Maryland,3.5,18.5,14.6,7.9,22.8
1981,Maryland,2.7,15.9,13.7,7.1,23.2
1982,Maryland,3.0,16.8,11.8,6.7,22.4
1983,Maryland,3.5,18.1,12.2,6.5,21.8
1984,Maryland,3.5,20.7,14.3,7.7,21.9
1985,Maryland,2.8,19.7,12.2,6.8,22.6
1986,Maryland,2.8,21.5,11.4,6.8,23.2
1987,Maryland,3.7,22.8,12.1,7.3,24.1
1988,Maryland,3.1,25.2,11.8,7.7,25.0
1989,Maryland,3.4,29.0,11.5,7.1,25.7
1990,Maryland,2.9,26.3,10.7,6.2,23.6
1991,Maryland,3.5,25.9,8.9,6.2,24.0
1992,Maryland,4.0,25.2,5.8,6.7,24.6
1993,Maryland,3.9,27.5,6.0,7.0,24.4
1994,Maryland,4.3,28.3,6.0,7.0,24.4
1995,Maryland,4.8,27.3,5.7,6.9,24.7
1996,Maryland,4.3,27.8,6.3,7.7,25.4
1997,Maryland,4.2,27.8,6.6,7.0,26.1
1998,Maryland,4.7,31.1,5.5,6.2,26.9
1999,Maryland,4.5,32.0,5.3,6.6,28.3
2000,Maryland,4.7,31.1,5.4,7.2,28.5
2001,Maryland,4.8,30.4,6.2,6.5,28.7
2002,Maryland,4.8,30.8,5.9,6.7,28.3
2003,Maryland,5.3,31.7,5.6,7.4,29.3
2004,Maryland,5.2,30.9,5.7,7.1,31.0
2005,Maryland,5.0,32.2,5.8,7.2,31.9
2006,Maryland,4.6,29.4,5.5,5.9,31.8
2007,Maryland,4.7,30.2,5.0,6.5,31.2
2008,Maryland,4.7,27.9,4.8,6.3,30.1
2009,Maryland,4.8,24.3,3.9,6.5,31.0
2010,Maryland,4.6,24.9,3.8,6.5,29.3
2011,Maryland,4.6,22.0,3.7,5.9,28.3
2012,Maryland,4.4,19.0,3.2,5.2,28.1
2013,Maryland,4.7,17.4,2.6,6.2,28.3
2014,Maryland,5.1,19.0,2.7,6.9,27.7
2015,Maryland,5.3,16.7,2.5,6.5,28.4
2016,Maryland,5.2,17.2,2.2,5.5,27.6
1980,Massachusetts,8.6,24.9,4.7,14.7,25.4
1981,Massachusetts,6.8,22.6,5.9,12.8,25.4
1982,Massachusetts,7.9,24.1,5.7,12.9,25.7
1983,Massachusetts,6.0,23.4,6.1,12.5,25.7
1984,Massachusetts,7.1,25.6,7.3,14.4,26.1
1985,Massachusetts,6.9,24.2,7.6,14.3,27.0
1986,Massachusetts,7.6,26.1,9.8,14.8,27.5
1987,Massachusetts,7.2,26.9,8.5,15.3,28.5
1988,Massachusetts,7.8,27.4,5.8,15.4,29.7
1989,Massachusetts,8.7,29.3,5.8,16.3,29.8
1990,Massachusetts,8.5,25.7,5.8,15.0,28.8
1991,Massachusetts,9.2,26.4,5.1,14.2,27.6
1992,Massachusetts,9.0,24.8,6.9,16.3,27.4
1993,Massachusetts,8.0,22.3,7.1,16.4,27.7
1994,Massachusetts,8.9,22.6,6.1,16.2,27.9
1995,Massachusetts,9.0,21.6,5.4,14.6,28.4
1996,Massachusetts,9.1,21.0,5.4,14.5,29.7
1997,Massachusetts,9.5,26.5,5.5,14.3,30.1
1998,Massachusetts,8.1,27.2,5.4,13.1,30.1
1999,Massachusetts,6.2,24.3,6.1,13.9,30.8
2000,Massachusetts,6.8,22.4,5.9,15.5,32.0
2001,Massachusetts,5.7,22.2,7.1,15.8,31.5
2002,Massachusetts,5.9,23.0,6.9,15.7,31.7
2003,Massachusetts,7.1,25.1,4.5,16.2,31.6
2004,Massachusetts,6.6,23.9,4.3,14.8,33.3
2005,Massachusetts,6.7,24.6,4.6,14.8,33.8
2006,Massachusetts,5.0,21.6,4.5,12.7,32.7
2007,Massachusetts,5.3,23.7,4.4,13.4,33.0
2008,Massachusetts,5.6,20.1,3.9,14.3,32.7
2009,Massachusetts,5.8,17.5,3.2,13.8,30.0
2010,Massachusetts,6.7,18.2,3.6,13.5,29.8
2011,Massachusetts,6.3,14.3,3.9,13.6,30.0
2012,Massachusetts,5.2,12.1,3.4,11.7,29.3
2013,Massachusetts,6.8,12.6,3.6,12.3,30.4
2014,Massachusetts,7.1,10.8,3.5,13.6,28.8
2015,Massachusetts,7.6,11.3,3.5,13.5,29.7
2016,Massachusetts,7.0,10.7,3.4,11.4,31.7
1980,Michigan,12.7,56.0,41.7,25.9,43.7
1981,Michigan,11.3,55.2,37.5,23.9,42.2
1982,Michigan,11.1,50.6,33.4,23.4,39.7
1983,Michigan,10.6,51.0,31.1,22.1,40.1
1984,Michigan,11.0,54.6,32.2,22.3,41.7
1985,Michigan,10.5,57.7,33.2,22.5,42.8
1986,Michigan,9.7,60.6,33.4,22.3,44.3
1987,Michigan,11.7,68.1,26.6,21.4,46.5
1988,Michigan,11.2,67.0,31.0,23.7,48.1
1989,Michigan,11.6,64.6,29.8,24.5,47.8
1990,Michigan,10.5,66.8,33.1,21.7,47.6
1991,Michigan,10.7,67.0,30.1,22.2,48.3
1992,Michigan,10.9,63.9,30.4,23.2,48.8
1993,Michigan,11.1,64.8,26.1,24.1,51.8
1994,Michigan,11.4,70.3,28.6,23.5,51.8
1995,Michigan,11.9,69.5,28.9,24.4,53.3
1996,Michigan,12.5,71.5,29.6,26.0,53.9
1997,Michigan,11.9,71.4,27.5,24.8,55.0
1998,Michigan,10.1,76.4,26.0,21.0,56.3
1999,Michigan,10.7,75.5,29.7,23.2,58.8
2000,Michigan,11.2,73.2,28.0,24.2,56.9
2001,Michigan,10.6,72.9,26.3,23.5,56.3
2002,Michigan,10.9,71.3,24.7,24.8,57.5
2003,Michigan,11.2,69.9,23.7,25.9,55.2
2004,Michigan,10.8,73.2,24.4,24.0,55.9
2005,Michigan,10.6,75.7,24.9,23.9,55.3
2006,Michigan,9.2,71.7,23.3,20.0,55.1
2007,Michigan,10.0,75.3,20.6,21.1,54.4
2008,Michigan,10.6,72.7,20.1,21.5,50.2
2009,Michigan,10.3,69.3,15.3,20.5,48.7
2010,Michigan,9.4,70.4,17.6,18.9,48.5
2011,Michigan,9.9,64.9,18.0,19.5,47.3
2012,Michigan,8.7,62.9,17.8,16.8,46.6
2013,Michigan,10.3,62.1,19.8,20.6,48.8
2014,Michigan,12.1,59.6,19.6,21.9,48.2
2015,Michigan,10.8,62.4,19.6,19.4,49.5
2016,Michigan,10.2,55.1,17.6,18.6,50.2
1980,Minnesota,4.5,21.4,13.2,8.8,23.4
1981,Minnesota,4.3,21.1,11.2,7.9,22.4
1982,Minnesota,4.9,18.1,11.1,9.2,21.6
1983,Minnesota,5.6,18.0,9.9,7.5,22.0
1984,Minnesota,6.1,19.7,9.8,7.8,24.0
1985,Minnesota,5.9,19.0,10.1,8.1,23.2
1986,Minnesota,5.1,16.8,10.5,8.1,23.4
1987,Minnesota,4.4,22.5,10.4,7.4,23.3
1988,Minnesota,5.4,27.2,11.0,8.7,24.3
1989,Minnesota,5.7,29.0,11.4,9.4,24.0
1990,Minnesota,5.7,28.9,12.3,8.1,23.6
1991,Minnesota,5.5,27.8,11.8,8.9,24.7
1992,Minnesota,5.0,27.4,13.1,8.4,26.0
1993,Minnesota,5.3,29.1,13.6,9.1,27.5
1994,Minnesota,5.5,29.4,13.9,9.0,28.4
1995,Minnesota,5.9,29.9,14.3,9.4,29.5
1996,Minnesota,6.3,30.4,16.0,10.7,30.4
1997,Minnesota,6.2,30.6,15.1,9.6,29.9
1998,Minnesota,5.5,31.5,15.1,8.1,31.4
1999,Minnesota,5.4,30.3,14.5,8.5,33.5
2000,Minnesota,5.8,32.8,14.8,9.3,34.7
2001,Minnesota,5.8,32.3,13.4,8.9,34.0
2002,Minnesota,6.4,33.0,13.8,9.3,34.5
2003,Minnesota,6.4,36.4,13.8,9.8,34.6
2004,Minnesota,5.9,34.9,14.4,9.4,35.7
2005,Minnesota,6.0,35.5,14.6,9.0,36.2
2006,Minnesota,5.9,34.4,14.5,8.2,35.7
2007,Minnesota,5.9,34.3,15.4,8.9,35.9
2008,Minnesota,6.5,32.9,16.9,9.6,33.9
2009,Minnesota,6.3,30.2,15.2,9.0,31.4
2010,Minnesota,5.7,29.3,17.2,8.3,31.4
2011,Minnesota,6.0,28.9,17.3,8.3,31.0
2012,Minnesota,5.3,25.4,17.1,7.3,31.5
2013,Minnesota,6.7,25.7,17.9,9.2,30.0
2014,Minnesota,7.1,29.1,18.6,9.9,30.2
2015,Minnesota,6.4,27.0,16.5,8.1,29.8
2016,Minnesota,6.3,26.5,17.0,8.0,31.4
1980,Mississippi,3.0,14.6,9.8,2.1,18.1
1981,Mississippi,2.7,13.0,9.9,2.0,17.8
1982,Mississippi,1.2,13.9,11.0,2.0,17.4
1983,Mississippi,1.6,11.5,10.9,2.1,16.8
1984,Mississippi,1.5,12.8,11.6,1.9,16.8
1985,Mississippi,1.4,12.8,10.2,1.8,17.4
1986,Mississippi,1.3,13.0,9.8,1.7,18.8
1987,Mississippi,1.4,13.2,9.2,1.9,20.4
1988,Mississippi,1.4,14.0,10.5,1.9,21.5
1989,Mississippi,1.4,11.6,11.1,1.9,20.0
1990,Mississippi,1.3,13.4,12.0,1.8,20.1
1991,Mississippi,1.3,12.2,11.1,1.8,22.0
1992,Mississippi,1.4,10.9,11.5,1.9,22.9
1993,Mississippi,1.3,13.7,10.7,2.0,23.0
1994,Mississippi,1.4,13.9,10.2,2.0,23.1
1995,Mississippi,1.4,15.3,10.2,1.9,23.3
1996,Mississippi,1.6,17.0,10.7,2.2,23.4
1997,Mississippi,1.5,18.0,9.9,2.0,24.2
1998,Mississippi,1.5,19.7,9.0,1.9,24.5
1999,Mississippi,1.4,20.8,11.7,1.9,25.8
2000,Mississippi,1.6,21.3,10.8,2.4,25.1
2001,Mississippi,1.6,30.7,10.8,2.4,24.3
2002,Mississippi,1.5,23.2,10.9,2.1,24.9
2003,Mississippi,1.7,23.1,10.9,2.0,26.4
2004,Mississippi,1.5,25.2,11.4,1.8,25.7
2005,Mississippi,1.4,25.0,10.6,1.8,25.1
2006,Mississippi,1.3,25.6,10.9,1.6,26.6
2007,Mississippi,1.8,27.5,10.9,1.6,26.3
2008,Mississippi,1.5,25.6,10.5,1.8,25.2
2009,Mississippi,1.5,23.0,9.7,1.8,24.5
2010,Mississippi,1.5,26.4,11.0,2.0,24.4
2011,Mississippi,1.5,23.0,10.4,1.7,23.9
2012,Mississippi,1.4,23.2,10.8,1.4,25.7
2013,Mississippi,1.4,21.6,10.9,1.7,25.0
2014,Mississippi,1.7,23.7,10.8,2.0,25.8
2015,Mississippi,1.6,24.7,10.7,1.6,26.6
2016,Mississippi,1.6,25.9,10.2,1.4,29.8
1980,Missouri,5.4,47.4,13.2,9.4,29.1
1981,Missouri,4.7,47.0,12.7,8.6,28.2
1982,Missouri,5.0,46.4,11.7,8.9,28.7
1983,Missouri,5.0,49.9,9.8,8.5,29.0
1984,Missouri,5.1,52.1,10.6,8.2,29.8
1985,Missouri,4.5,45.8,11.3,8.2,30.4
1986,Missouri,4.6,44.4,9.5,7.8,31.9
1987,Missouri,4.8,46.0,9.6,7.6,32.5
1988,Missouri,4.9,47.9,9.9,8.1,33.6
1989,Missouri,4.6,48.4,9.5,8.4,34.1
1990,Missouri,4.4,47.6,9.1,7.5,33.6
1991,Missouri,4.7,47.9,8.5,8.0,33.5
1992,Missouri,4.5,46.4,8.4,7.7,34.7
1993,Missouri,5.0,41.9,9.1,8.8,35.7
1994,Missouri,4.8,49.2,9.2,8.0,36.8
1995,Missouri,4.7,54.7,9.5,8.3,38.2
1996,Missouri,5.3,57.1,9.6,9.3,40.1
1997,Missouri,5.2,60.3,10.1,8.6,41.0
1998,Missouri,4.5,63.9,9.2,7.3,44.6
1999,Missouri,4.8,63.2,10.1,7.8,44.0
2000,Missouri,4.6,64.5,9.0,7.7,39.2
2001,Missouri,5.2,67.6,9.2,8.5,39.3
2002,Missouri,4.6,68.1,9.9,7.8,40.3
2003,Missouri,4.5,73.9,9.7,7.8,41.7
2004,Missouri,4.5,75.0,10.7,7.3,40.5
2005,Missouri,4.2,78.1,10.5,7.0,41.4
2006,Missouri,4.0,77.4,10.0,6.3,41.8
2007,Missouri,4.0,75.4,10.3,6.7,42.1
2008,Missouri,4.6,74.7,8.8,7.6,39.5
2009,Missouri,4.1,72.0,7.8,6.9,38.7
2010,Missouri,4.1,76.0,7.9,6.9,38.7
2011,Missouri,4.0,78.6,7.1,6.5,37.9
2012,Missouri,3.6,73.0,7.8,5.3,36.7
2013,Missouri,4.2,75.8,8.2,6.7,37.1
2014,Missouri,4.8,73.2,8.6,7.3,37.7
2015,Missouri,4.5,65.8,8.5,6.0,37.5
2016,Missouri,4.2,61.7,8.1,5.6,38.0
1980,Montana,1.0,5.6,5.4,1.4,6.3
1981,Montana,1.0,5.5,4.3,1.2,5.9
1982,Montana,1.0,4.2,3.4,1.4,5.7
1983,Montana,1.4,3.7,3.8,1.3,5.9
1984,Montana,1.3,8.2,3.3,1.2,5.8
1985,Montana,1.2,9.0,4.1,1.3,5.8
1986,Montana,0.9,12.0,2.8,1.2,5.7
1987,Montana,0.8,12.2,2.6,1.1,5.8
1988,Montana,0.8,16.7,2.8,1.2,6.0
1989,Montana,0.9,16.5,3.4,1.3,5.9
1990,Montana,0.9,15.5,3.5,1.3,5.8
1991,Montana,0.9,16.8,3.4,1.3,5.7
1992,Montana,0.8,17.8,3.3,1.1,6.2
1993,Montana,0.9,14.6,4.1,1.3,6.4
1994,Montana,0.8,17.3,4.0,1.2,6.7
1995,Montana,0.8,16.3,4.4,1.3,7.0
1996,Montana,0.9,13.6,4.0,1.5,6.8
1997,Montana,1.0,15.8,3.7,1.5,7.0
1998,Montana,0.8,18.1,3.4,1.2,7.0
1999,Montana,0.7,18.2,3.5,1.2,7.3
2000,Montana,0.9,17.3,3.5,1.4,7.4
2001,Montana,0.9,18.1,3.8,1.4,7.5
2002,Montana,0.9,16.4,3.7,1.5,7.5
2003,Montana,1.0,18.5,4.0,1.5,7.2
2004,Montana,1.1,19.0,4.4,1.6,7.7
2005,Montana,1.1,19.2,4.7,1.6,8.2
2006,Montana,1.1,18.8,5.2,1.6,8.5
2007,Montana,0.9,19.8,5.4,1.6,8.9
2008,Montana,1.0,19.8,5.1,1.8,8.2
2009,Montana,1.4,17.0,4.3,1.8,7.8
2010,Montana,1.2,19.8,3.6,1.6,8.0
2011,Montana,1.4,16.5,3.7,1.7,8.0
2012,Montana,1.2,15.5,4.1,1.5,7.8
2013,Montana,1.3,16.4,4.2,1.6,8.1
2014,Montana,1.3,17.1,4.1,1.6,7.8
2015,Montana,1.2,17.6,4.0,1.5,7.6
2016,Montana,1.4,15.9,3.8,1.5,7.9
1980,Nebraska,2.5,9.0,5.9,3.1,9.9
1981,Nebraska,2.3,8.8,5.3,2.8,9.2
1982,Nebraska,2.5,8.6,5.1,3.2,9.4
1983,Nebraska,2.5,9.5,4.9,3.0,10.0
1984,Nebraska,2.8,11.1,5.0,2.8,9.8
1985,Nebraska,2.5,10.5,4.9,2.8,9.7
1986,Nebraska,2.1,9.9,4.5,2.6,9.8
1987,Nebraska,2.0,10.5,4.9,2.4,10.2
1988,Nebraska,2.3,12.7,5.2,2.7,11.1
1989,Nebraska,2.1,12.0,5.1,2.8,10.5
1990,Nebraska,2.1,13.1,4.7,2.5,10.4
1991,Nebraska,2.2,13.9,4.6,2.7,10.2
1992,Nebraska,2.0,12.8,4.8,2.5,10.5
1993,Nebraska,2.0,15.1,5.5,2.9,10.5
1994,Nebraska,2.2,14.6,5.7,2.7,10.8
1995,Nebraska,2.2,16.5,5.7,2.7,11.5
1996,Nebraska,2.3,16.5,5.2,3.1,12.5
1997,Nebraska,2.1,17.7,5.6,2.9,12.7
1998,Nebraska,1.7,19.0,6.4,2.6,13.3
1999,Nebraska,1.6,18.3,5.6,2.6,13.7
2000,Nebraska,1.8,19.1,5.9,2.8,12.1
2001,Nebraska,1.7,20.7,6.1,3.0,11.4
2002,Nebraska,1.6,20.1,6.1,2.9,11.7
2003,Nebraska,1.7,21.0,6.0,2.8,12.0
2004,Nebraska,1.8,20.6,6.2,2.5,12.1
2005,Nebraska,1.6,21.3,6.1,2.5,12.2
2006,Nebraska,1.7,21.1,6.8,2.3,12.3
2007,Nebraska,1.8,20.3,7.6,2.5,12.4
2008,Nebraska,2.1,21.8,7.7,2.9,12.1
2009,Nebraska,1.9,23.1,7.4,2.7,12.2
2010,Nebraska,1.9,23.1,8.0,2.7,14.2
2011,Nebraska,1.9,25.4,8.6,2.6,13.7
2012,Nebraska,1.6,24.4,9.2,2.1,13.3
2013,Nebraska,2.0,26.0,9.3,2.7,13.4
2014,Nebraska,2.0,24.3,9.2,2.8,13.9
2015,Nebraska,2.0,23.4,9.2,2.3,13.8
2016,Nebraska,1.8,21.2,9.5,2.2,13.8
1980,Nevada,0.8,11.2,1.2,0.9,8.3
1981,Nevada,0.7,12.7,1.2,0.9,8.2
1982,Nevada,0.6,14.3,1.2,1.1,8.1
1983,Nevada,0.9,13.4,1.7,0.9,8.2
1984,Nevada,1.0,14.9,1.7,0.9,7.8
1985,Nevada,0.9,12.1,1.4,1.0,7.9
1986,Nevada,0.9,15.6,1.3,0.9,8.2
1987,Nevada,1.1,14.9,1.4,1.0,9.0
1988,Nevada,1.1,18.0,1.8,1.1,9.3
1989,Nevada,1.1,17.3,2.4,1.2,9.4
1990,Nevada,1.1,16.8,2.2,1.2,9.4
1991,Nevada,1.2,18.0,2.3,1.3,9.8
1992,Nevada,1.1,18.6,2.6,1.2,10.0
1993,Nevada,1.4,18.3,2.6,1.4,10.4
1994,Nevada,1.4,19.7,2.8,1.4,11.0
1995,Nevada,1.4,18.2,3.1,1.3,11.4
1996,Nevada,1.6,19.6,2.7,1.4,12.7
1997,Nevada,1.4,19.5,2.9,1.6,12.7
1998,Nevada,1.5,21.5,2.8,1.9,13.0
1999,Nevada,1.5,21.5,2.7,1.8,13.8
2000,Nevada,1.6,24.9,2.6,1.8,14.4
2001,Nevada,1.4,24.3,2.5,2.0,14.4
2002,Nevada,1.5,21.1,2.2,2.0,14.7
2003,Nevada,1.5,23.1,2.1,2.0,15.0
2004,Nevada,1.7,25.4,2.5,2.2,16.0
2005,Nevada,1.8,26.4,2.8,2.2,16.7
2006,Nevada,1.8,16.6,2.9,2.3,17.8
2007,Nevada,1.8,16.8,2.9,2.3,18.0
2008,Nevada,1.8,18.0,2.8,2.3,16.0
2009,Nevada,1.8,18.1,2.7,2.3,14.5
2010,Nevada,1.8,16.8,2.8,2.4,13.8
2011,Nevada,1.9,14.5,1.8,2.4,13.2
2012,Nevada,1.8,14.7,2.2,2.2,13.8
2013,Nevada,1.9,15.4,2.5,2.5,14.2
2014,Nevada,1.8,16.0,3.3,2.1,14.1
2015,Nevada,2.2,14.4,2.2,2.2,14.3
2016,Nevada,2.3,13.9,3.2,2.3,15.0
1980,New Hampshire,0.9,4.9,1.0,2.0,4.1
1981,New Hampshire,0.8,4.2,0.7,1.9,4.0
1982,New Hampshire,0.9,3.7,0.9,1.8,4.0
1983,New Hampshire,0.7,3.9,0.9,1.7,4.1
1984,New Hampshire,0.7,4.7,1.1,2.1,4.4
1985,New Hampshire,0.7,4.8,1.0,2.3,4.5
1986,New Hampshire,1.1,4.6,1.4,2.2,4.9
1987,New Hampshire,1.4,4.7,1.3,2.6,5.3
1988,New Hampshire,1.3,5.5,1.0,2.6,5.5
1989,New Hampshire,1.3,5.5,0.9,2.9,5.5
1990,New Hampshire,1.4,4.9,0.9,2.4,5.2
1991,New Hampshire,1.3,4.4,0.8,2.4,5.3
1992,New Hampshire,1.2,4.3,1.2,2.5,5.3
1993,New Hampshire,1.2,4.5,1.4,2.5,5.4
1994,New Hampshire,1.3,4.4,1.2,2.6,5.5
1995,New Hampshire,1.2,4.4,1.1,2.7,5.7
1996,New Hampshire,1.4,4.1,1.1,2.9,5.9
1997,New Hampshire,1.4,5.1,1.0,2.9,6.2
1998,New Hampshire,1.2,4.8,1.0,2.8,6.8
1999,New Hampshire,1.2,4.7,1.0,2.8,7.1
2000,New Hampshire,1.5,4.6,1.3,2.9,7.2
2001,New Hampshire,1.4,4.2,1.3,2.8,7.2
2002,New Hampshire,1.4,4.4,1.1,2.6,8.1
2003,New Hampshire,1.7,7.3,1.2,3.2,7.6
2004,New Hampshire,1.9,7.8,1.2,3.3,7.8
2005,New Hampshire,2.0,7.8,1.0,3.1,7.3
2006,New Hampshire,1.4,6.8,1.2,2.7,7.2
2007,New Hampshire,1.4,6.7,0.9,2.7,7.3
2008,New Hampshire,1.4,6.6,0.9,2.7,7.1
2009,New Hampshire,1.4,5.3,0.8,2.5,7.0
2010,New Hampshire,1.2,5.4,0.8,2.2,7.0
2011,New Hampshire,1.4,5.0,0.8,2.3,6.8
2012,New Hampshire,1.2,4.1,0.7,1.9,6.6
2013,New Hampshire,1.3,3.3,0.8,2.3,6.7
2014,New Hampshire,1.4,3.3,0.9,2.7,6.7
2015,New Hampshire,1.5,3.5,0.8,2.7,6.7
2016,New Hampshire,1.4,2.4,0.8,2.5,6.7
1980,New Jersey,12.8,18.1,23.5,17.8,40.8
1981,New Jersey,10.8,16.5,19.0,18.0,44.3
1982,New Jersey,9.9,14.6,17.5,16.5,51.4
1983,New Jersey,9.1,17.2,13.8,15.0,55.0
1984,New Jersey,10.2,16.8,15.7,16.9,57.2
1985,New Jersey,9.1,14.7,13.1,17.1,57.1
1986,New Jersey,10.5,13.0,13.1,17.0,59.4
1987,New Jersey,10.4,14.4,14.8,17.8,60.2
1988,New Jersey,11.0,14.1,14.4,18.5,57.5
1989,New Jersey,11.4,16.7,14.4,18.4,59.2
1990,New Jersey,10.8,12.2,13.0,15.3,57.0
1991,New Jersey,10.9,11.9,13.3,15.2,57.9
1992,New Jersey,11.3,12.6,17.0,16.5,58.2
1993,New Jersey,10.7,13.3,16.9,16.2,55.1
1994,New Jersey,11.0,15.4,17.7,18.1,60.2
1995,New Jersey,10.0,16.9,17.5,16.1,61.2
1996,New Jersey,11.2,15.8,17.3,17.8,58.9
1997,New Jersey,11.5,17.1,17.3,17.1,59.6
1998,New Jersey,10.1,16.0,16.5,15.1,60.6
1999,New Jersey,11.7,16.7,17.3,16.1,60.4
2000,New Jersey,10.9,19.0,10.5,16.8,64.8
2001,New Jersey,9.4,18.6,11.9,16.2,62.9
2002,New Jersey,9.5,19.1,11.4,15.7,63.8
2003,New Jersey,10.6,18.1,11.6,18.4,62.3
2004,New Jersey,10.9,19.1,11.7,17.4,64.5
2005,New Jersey,11.3,19.3,11.7,16.9,69.3
2006,New Jersey,9.5,18.3,10.8,14.1,68.5
2007,New Jersey,11.0,19.4,10.4,16.1,72.0
2008,New Jersey,10.6,18.7,8.6,15.8,72.9
2009,New Jersey,11.1,14.6,7.2,15.5,61.1
2010,New Jersey,10.9,17.7,8.3,14.6,62.3
2011,New Jersey,11.7,15.6,8.6,13.9,64.3
2012,New Jersey,10.4,14.8,9.1,12.5,56.7
2013,New Jersey,10.5,14.4,9.4,14.7,58.3
2014,New Jersey,12.3,16.7,9.2,16.1,58.9
2015,New Jersey,10.7,17.9,9.1,15.5,58.3
2016,New Jersey,10.0,19.7,9.6,13.6,58.0
1980,New Mexico,1.9,22.2,7.2,1.9,11.8
1981,New Mexico,1.7,21.3,6.3,1.6,13.1
1982,New Mexico,1.6,23.5,6.3,1.8,11.8
1983,New Mexico,2.4,26.3,7.3,1.9,10.7
1984,New Mexico,1.8,25.3,7.4,1.7,9.8
1985,New Mexico,1.3,26.6,5.6,1.8,11.1
1986,New Mexico,1.4,23.7,4.6,1.6,11.5
1987,New Mexico,1.4,25.4,5.3,1.8,12.0
1988,New Mexico,2.0,26.1,5.0,1.8,12.8
1989,New Mexico,1.9,27.8,5.4,1.8,13.4
1990,New Mexico,1.7,27.3,7.4,2.0,14.8
1991,New Mexico,1.7,23.5,7.3,2.0,14.6
1992,New Mexico,1.7,26.3,7.4,2.0,14.0
1993,New Mexico,1.7,26.9,7.1,2.0,14.8
1994,New Mexico,1.5,27.9,7.1,1.8,14.1
1995,New Mexico,1.5,27.6,7.4,1.8,12.7
1996,New Mexico,1.6,28.1,8.0,2.0,12.7
1997,New Mexico,1.6,29.2,7.3,2.2,15.4
1998,New Mexico,1.6,29.7,6.4,2.2,15.4
1999,New Mexico,1.7,30.3,6.5,2.3,15.5
2000,New Mexico,1.6,31.2,7.7,2.3,15.2
2001,New Mexico,1.8,30.5,7.8,2.6,15.6
2002,New Mexico,1.7,28.7,7.1,2.4,15.3
2003,New Mexico,1.8,30.7,7.6,2.2,15.0
2004,New Mexico,1.7,30.7,8.1,2.3,15.6
2005,New Mexico,1.7,32.1,7.8,2.3,15.2
2006,New Mexico,1.5,32.7,7.4,2.1,15.9
2007,New Mexico,1.5,31.1,8.6,2.2,15.3
2008,New Mexico,1.7,30.5,7.7,2.3,14.0
2009,New Mexico,1.6,32.6,7.0,2.2,13.7
2010,New Mexico,1.6,29.0,7.0,2.3,13.2
2011,New Mexico,1.5,30.8,7.2,2.2,13.6
2012,New Mexico,1.5,28.9,7.3,2.1,13.6
2013,New Mexico,1.7,28.2,7.1,2.3,13.7
2014,New Mexico,1.6,24.5,7.5,2.1,14.3
2015,New Mexico,1.7,24.6,7.3,2.1,14.4
2016,New Mexico,1.7,23.0,7.4,2.1,14.2
1980,New York,28.7,53.7,34.4,35.5,71.7
1981,New York,22.7,53.2,29.3,34.4,67.2
1982,New York,25.8,51.6,25.6,33.6,60.1
1983,New York,21.9,51.8,19.8,31.4,54.2
1984,New York,25.7,50.9,22.6,35.4,49.3
1985,New York,24.9,49.7,21.4,34.4,58.0
1986,New York,28.6,48.8,18.6,36.4,59.2
1987,New York,27.3,54.2,19.6,38.3,62.5
1988,New York,27.7,62.2,19.9,39.9,59.7
1989,New York,27.4,68.2,20.4,38.5,59.9
1990,New York,27.2,64.2,19.1,33.6,63.8
1991,New York,26.8,59.7,18.5,32.9,62.3
1992,New York,27.8,54.5,19.2,36.2,60.8
1993,New York,28.5,48.1,20.0,35.7,61.8
1994,New York,28.0,47.9,20.3,35.3,60.8
1995,New York,27.1,51.6,22.2,34.2,62.5
1996,New York,28.0,47.2,22.8,36.6,65.7
1997,New York,29.8,52.7,22.0,34.7,65.6
1998,New York,27.8,57.1,20.6,31.6,66.1
1999,New York,30.3,57.6,16.3,34.3,66.6
2000,New York,32.2,56.7,16.5,39.2,67.0
2001,New York,30.7,55.8,14.2,38.2,66.8
2002,New York,31.3,51.5,12.9,36.0,68.5
2003,New York,33.2,52.9,12.5,39.1,73.2
2004,New York,34.9,53.3,11.9,38.1,74.9
2005,New York,28.7,56.0,12.4,39.1,73.3
2006,New York,25.5,47.0,11.7,32.5,74.3
2007,New York,26.8,49.6,11.3,36.2,73.7
2008,New York,25.9,43.1,10.6,34.9,73.2
2009,New York,25.2,34.5,8.7,32.5,71.1
2010,New York,24.3,38.1,9.2,31.3,70.9
2011,New York,24.3,33.8,9.4,30.8,65.7
2012,New York,21.0,32.2,9.0,30.0,68.1
2013,New York,22.4,30.0,9.2,31.9,68.5
2014,New York,22.0,30.5,9.0,35.2,72.9
2015,New York,22.9,29.2,9.2,35.3,71.3
2016,New York,21.6,27.7,8.3,30.6,75.4
1980,North Carolina,3.2,55.4,15.7,6.6,31.5
1981,North Carolina,2.8,57.5,14.2,5.5,31.8
1982,North Carolina,2.6,54.4,13.7,5.2,31.8
1983,North Carolina,3.5,51.5,13.9,5.2,33.3
1984,North Carolina,4.1,47.8,16.0,7.0,33.9
1985,North Carolina,3.7,46.3,15.6,6.3,34.9
1986,North Carolina,3.5,48.7,16.8,6.2,36.9
1987,North Carolina,4.0,41.0,16.7,6.9,38.7
1988,North Carolina,4.4,42.3,16.3,7.4,40.9
1989,North Carolina,4.0,49.6,16.2,6.6,39.1
1990,North Carolina,3.8,46.4,17.5,5.2,38.2
1991,North Carolina,3.6,47.2,17.0,5.4,37.7
1992,North Carolina,3.8,54.3,18.6,6.0,38.4
1993,North Carolina,4.0,58.9,18.0,6.3,39.9
1994,North Carolina,4.3,53.7,17.3,5.9,41.2
1995,North Carolina,4.1,56.8,18.5,6.5,42.8
1996,North Carolina,4.7,64.7,18.6,7.5,45.2
1997,North Carolina,4.5,67.3,18.5,6.8,46.0
1998,North Carolina,4.3,67.4,17.1,6.7,47.0
1999,North Carolina,4.1,66.5,15.8,6.3,48.0
2000,North Carolina,4.6,70.7,16.7,7.1,49.7
2001,North Carolina,4.5,68.1,15.5,6.8,49.0
2002,North Carolina,4.0,70.6,14.8,6.3,49.6
2003,North Carolina,4.9,69.8,14.2,7.2,50.4
2004,North Carolina,5.3,70.9,14.5,7.1,51.9
2005,North Carolina,5.0,74.5,14.7,6.6,53.2
2006,North Carolina,4.6,71.9,13.9,5.7,52.6
2007,North Carolina,4.2,77.6,13.0,5.5,54.1
2008,North Carolina,5.0,73.9,12.0,5.9,52.4
2009,North Carolina,5.2,63.8,10.5,5.7,47.8
2010,North Carolina,5.1,72.2,11.5,6.4,47.9
2011,North Carolina,4.3,61.7,11.1,5.1,46.5
2012,North Carolina,4.1,56.8,10.6,4.3,45.5
2013,North Carolina,4.2,55.5,11.0,5.2,49.2
2014,North Carolina,4.8,57.0,10.7,5.7,49.2
2015,North Carolina,5.3,51.7,10.4,5.3,48.3
2016,North Carolina,5.3,50.8,10.4,5.1,49.0
1980,North Dakota,1.3,14.4,3.1,1.2,5.2
1981,North Dakota,0.9,15.4,4.0,1.1,5.2
1982,North Dakota,1.1,17.6,3.5,1.1,5.2
1983,North Dakota,1.1,19.1,3.6,1.1,4.9
1984,North Dakota,0.9,20.9,5.8,0.9,5.0
1985,North Dakota,0.9,21.5,9.2,1.1,4.9
1986,North Dakota,0.8,21.4,10.2,1.1,4.7
1987,North Dakota,0.6,21.7,10.9,0.9,4.7
1988,North Dakota,0.7,26.9,10.2,1.1,4.8
1989,North Dakota,0.8,25.7,11.1,1.1,4.7
1990,North Dakota,0.7,27.0,11.0,1.0,4.6
1991,North Dakota,0.8,27.6,11.1,1.1,4.6
1992,North Dakota,0.7,28.7,11.7,1.0,4.9
1993,North Dakota,0.7,28.9,11.5,1.0,5.1
1994,North Dakota,0.8,29.0,11.9,1.0,5.1
1995,North Dakota,0.8,28.2,12.4,1.0,5.1
1996,North Dakota,0.9,29.5,11.7,1.2,5.2
1997,North Dakota,0.9,28.2,11.5,1.2,5.3
1998,North Dakota,0.8,30.1,11.6,1.0,4.7
1999,North Dakota,0.8,30.4,11.4,1.1,5.6
2000,North Dakota,0.9,30.9,12.2,1.2,5.5
2001,North Dakota,0.9,30.7,12.8,1.2,6.0
2002,North Dakota,0.9,31.0,12.1,1.2,5.9
2003,North Dakota,0.9,30.6,12.1,1.2,6.0
2004,North Dakota,1.0,29.2,11.6,1.2,6.3
2005,North Dakota,1.0,31.6,12.3,1.2,6.2
2006,North Dakota,0.7,30.0,12.7,1.0,6.2
2007,North Dakota,1.0,30.7,12.6,1.1,7.0
2008,North Dakota,0.9,31.3,13.0,1.2,6.3
2009,North Dakota,0.9,31.0,12.4,1.1,5.9
2010,North Dakota,0.9,29.5,13.9,1.0,6.7
2011,North Dakota,1.3,28.4,15.0,1.0,7.9
2012,North Dakota,1.1,29.4,15.6,0.9,9.0
2013,North Dakota,1.5,28.7,16.0,1.1,9.4
2014,North Dakota,1.5,28.9,17.1,1.1,10.0
2015,North Dakota,1.1,29.8,16.2,1.0,9.2
2016,North Dakota,1.0,28.9,15.1,0.9,8.3
1980,Ohio,11.4,105.4,77.2,24.0,55.8
1981,Ohio,11.0,103.8,75.1,22.6,54.1
1982,Ohio,10.7,99.8,61.1,21.7,52.0
1983,Ohio,10.9,97.8,54.5,19.3,51.7
1984,Ohio,12.7,99.8,54.1,21.4,52.4
1985,Ohio,10.7,104.1,51.8,21.1,53.0
1986,Ohio,11.4,107.3,48.4,21.9,54.8
1987,Ohio,11.6,106.7,49.6,21.9,56.3
1988,Ohio,12.5,110.0,53.0,23.3,56.8
1989,Ohio,11.8,113.4,49.8,23.8,57.1
1990,Ohio,10.6,109.7,48.4,20.6,55.7
1991,Ohio,10.6,112.1,44.4,21.1,55.1
1992,Ohio,11.1,113.9,46.0,22.2,54.4
1993,Ohio,11.2,117.2,44.0,23.1,57.4
1994,Ohio,11.1,113.5,44.3,22.3,58.0
1995,Ohio,11.6,114.6,43.2,23.0,59.1
1996,Ohio,12.8,122.1,42.7,24.3,62.0
1997,Ohio,12.5,119.3,41.0,23.0,63.8
1998,Ohio,10.5,123.5,39.9,19.3,64.6
1999,Ohio,10.9,118.7,39.5,21.3,66.4
2000,Ohio,11.5,124.8,37.5,22.0,68.3
2001,Ohio,11.1,118.3,36.4,19.5,68.1
2002,Ohio,11.1,124.5,34.9,20.5,68.7
2003,Ohio,11.5,128.3,36.5,21.9,69.3
2004,Ohio,11.6,124.0,35.4,20.7,71.0
2005,Ohio,11.0,132.6,36.2,20.5,70.5
2006,Ohio,9.4,128.9,36.8,17.2,71.2
2007,Ohio,10.3,130.6,35.9,18.9,71.6
2008,Ohio,11.1,127.5,34.7,19.2,67.5
2009,Ohio,10.8,113.8,29.1,18.4,62.9
2010,Ohio,10.5,120.7,33.7,17.6,64.2
2011,Ohio,10.6,110.6,32.9,17.6,63.4
2012,Ohio,9.6,94.1,34.8,15.2,61.4
2013,Ohio,10.8,101.5,36.5,18.0,62.6
2014,Ohio,11.7,97.7,38.6,19.8,63.5
2015,Ohio,11.8,82.6,36.8,17.8,63.6
2016,Ohio,11.0,80.6,35.5,16.2,63.0
1980,Oklahoma,2.9,27.8,20.4,4.5,21.5
1981,Oklahoma,2.7,29.3,20.7,4.3,23.0
1982,Oklahoma,2.9,31.5,21.3,4.8,24.2
1983,Oklahoma,3.0,32.7,20.5,5.0,24.0
1984,Oklahoma,3.0,32.7,22.7,4.8,24.0
1985,Oklahoma,2.7,31.7,21.3,4.6,23.7
1986,Oklahoma,2.3,29.9,18.7,4.0,22.6
1987,Oklahoma,2.2,31.9,21.5,3.8,23.1
1988,Oklahoma,3.1,34.0,20.7,4.3,23.4
1989,Oklahoma,2.6,34.1,21.4,4.3,24.6
1990,Oklahoma,2.5,34.8,22.7,3.9,23.7
1991,Oklahoma,2.5,37.6,20.5,4.0,24.3
1992,Oklahoma,2.2,38.0,21.6,3.8,26.2
1993,Oklahoma,2.4,39.8,22.9,4.6,25.4
1994,Oklahoma,2.2,38.7,22.5,4.1,26.3
1995,Oklahoma,2.3,40.7,22.6,4.0,25.0
1996,Oklahoma,2.8,41.6,21.7,4.6,26.5
1997,Oklahoma,3.2,42.6,22.4,4.3,26.2
1998,Oklahoma,2.7,43.3,20.2,3.9,26.8
1999,Oklahoma,2.4,42.1,19.9,3.9,28.0
2000,Oklahoma,2.6,44.3,18.5,4.2,30.0
2001,Oklahoma,2.6,43.8,17.6,4.1,32.8
2002,Oklahoma,2.5,46.2,17.4,4.4,30.7
2003,Oklahoma,2.3,46.7,19.0,4.1,31.2
2004,Oklahoma,2.3,44.7,19.8,3.7,28.8
2005,Oklahoma,2.4,49.3,20.5,3.7,30.4
2006,Oklahoma,2.2,50.1,22.6,3.4,31.3
2007,Oklahoma,2.6,49.6,20.9,3.9,31.9
2008,Oklahoma,2.6,51.1,22.0,4.1,31.7
2009,Oklahoma,2.7,49.7,19.1,3.9,30.3
2010,Oklahoma,2.7,47.4,20.0,4.1,31.3
2011,Oklahoma,2.6,49.1,20.6,3.8,31.1
2012,Oklahoma,2.4,47.1,21.3,3.0,30.6
2013,Oklahoma,2.8,44.2,21.5,4.1,30.6
2014,Oklahoma,3.0,42.0,22.6,4.3,32.7
2015,Oklahoma,3.1,39.6,22.0,3.7,32.3
2016,Oklahoma,3.0,35.3,22.8,3.2,32.6
1980,Oregon,2.2,0.8,6.0,2.0,17.0
1981,Oregon,1.9,1.9,5.3,2.2,17.9
1982,Oregon,2.3,0.8,5.4,2.1,18.0
1983,Oregon,1.9,0.6,4.3,1.9,16.9
1984,Oregon,2.2,0.8,5.6,2.1,16.6
1985,Oregon,1.9,0.7,4.7,2.3,17.2
1986,Oregon,1.8,0.0,4.6,2.0,17.6
1987,Oregon,1.7,0.0,4.7,1.7,18.7
1988,Oregon,1.9,0.0,4.9,1.9,20.0
1989,Oregon,1.8,1.2,4.5,2.1,20.3
1990,Oregon,1.9,1.8,4.5,2.0,20.0
1991,Oregon,1.9,3.5,4.8,2.2,21.6
1992,Oregon,1.7,4.4,5.2,1.9,21.6
1993,Oregon,1.8,4.2,5.9,2.4,20.8
1994,Oregon,1.7,5.4,5.8,2.3,21.5
1995,Oregon,1.8,2.7,6.3,2.2,21.1
1996,Oregon,1.9,3.2,6.7,2.5,21.9
1997,Oregon,1.9,2.7,6.9,2.4,22.0
1998,Oregon,2.0,6.2,7.4,2.4,23.0
1999,Oregon,2.1,6.3,7.7,2.8,23.2
2000,Oregon,2.1,7.4,6.2,2.7,22.5
2001,Oregon,2.2,8.6,5.6,2.7,21.5
2002,Oregon,2.1,6.5,6.0,2.7,21.9
2003,Oregon,1.8,8.2,5.3,2.6,21.9
2004,Oregon,1.7,8.1,5.7,2.5,22.7
2005,Oregon,1.9,8.1,5.3,2.6,23.2
2006,Oregon,1.9,6.4,5.7,2.7,23.7
2007,Oregon,1.9,9.6,5.4,2.7,24.2
2008,Oregon,2.0,10.1,5.4,2.9,22.3
2009,Oregon,2.0,8.8,4.7,2.9,22.4
2010,Oregon,1.9,9.8,4.6,2.5,21.9
2011,Oregon,2.0,6.4,5.1,2.9,20.9
2012,Oregon,1.8,6.9,5.0,2.6,20.6
2013,Oregon,1.8,9.0,4.8,2.8,20.7
2014,Oregon,1.8,7.9,5.0,2.5,20.8
2015,Oregon,2.0,8.6,4.9,2.3,20.3
2016,Oregon,2.1,7.8,5.1,2.5,20.4
1980,Pennsylvania,12.6,106.1,88.3,29.5,57.7
1981,Pennsylvania,13.6,98.2,77.3,27.5,54.7
1982,Pennsylvania,13.0,96.9,53.4,25.5,51.3
1983,Pennsylvania,12.9,102.1,53.4,24.0,52.1
1984,Pennsylvania,14.2,102.3,64.9,27.5,53.0
1985,Pennsylvania,12.1,102.8,55.7,26.0,53.4
1986,Pennsylvania,12.6,101.0,49.9,25.4,55.7
1987,Pennsylvania,13.0,102.1,56.5,25.3,59.0
1988,Pennsylvania,13.4,106.5,59.9,26.8,61.2
1989,Pennsylvania,14.5,110.5,60.7,27.7,57.7
1990,Pennsylvania,13.1,104.9,62.0,23.6,59.3
1991,Pennsylvania,13.1,103.5,55.7,23.8,59.2
1992,Pennsylvania,14.0,103.7,60.1,25.4,60.5
1993,Pennsylvania,13.2,107.0,59.9,26.1,62.0
1994,Pennsylvania,14.3,103.2,60.2,25.7,62.3
1995,Pennsylvania,14.1,106.2,59.8,24.9,63.0
1996,Pennsylvania,14.3,111.2,59.9,26.0,62.5
1997,Pennsylvania,13.5,112.7,59.1,24.6,65.3
1998,Pennsylvania,12.0,115.5,48.2,21.0,67.4
1999,Pennsylvania,12.1,111.4,47.4,23.4,68.0
2000,Pennsylvania,12.8,118.9,47.8,25.6,70.2
2001,Pennsylvania,12.6,108.8,46.6,24.3,70.0
2002,Pennsylvania,12.6,116.2,46.2,23.7,70.4
2003,Pennsylvania,13.3,116.8,47.1,26.3,69.2
2004,Pennsylvania,12.9,119.7,46.8,25.1,70.9
2005,Pennsylvania,12.8,124.5,45.3,23.8,72.3
2006,Pennsylvania,11.7,123.8,45.5,20.2,71.8
2007,Pennsylvania,12.4,126.2,44.4,21.6,71.1
2008,Pennsylvania,11.6,120.7,43.7,25.3,66.1
2009,Pennsylvania,10.8,113.4,33.6,19.8,64.9
2010,Pennsylvania,10.5,119.6,39.7,20.1,64.3
2011,Pennsylvania,10.3,114.2,40.8,19.4,62.4
2012,Pennsylvania,9.0,107.3,41.3,17.2,61.6
2013,Pennsylvania,10.5,105.9,48.9,20.0,61.0
2014,Pennsylvania,11.2,98.9,52.8,22.2,60.8
2015,Pennsylvania,11.5,87.8,50.2,20.7,59.6
2016,Pennsylvania,10.6,82.1,45.6,18.4,60.7
1980,Rhode Island,0.7,0.9,0.9,2.2,3.7
1981,Rhode Island,0.7,0.8,0.8,1.9,3.6
1982,Rhode Island,0.7,0.4,0.8,1.9,3.6
1983,Rhode Island,0.8,0.5,0.7,2.0,3.6
1984,Rhode Island,0.9,0.5,0.8,2.4,3.8
1985,Rhode Island,0.9,0.5,0.9,2.6,3.6
1986,Rhode Island,1.4,0.7,1.1,2.4,4.0
1987,Rhode Island,1.2,0.7,1.0,2.6,4.3
1988,Rhode Island,1.2,0.8,1.2,2.8,4.4
1989,Rhode Island,1.1,0.5,0.8,2.6,4.3
1990,Rhode Island,1.1,0.7,0.7,2.3,4.1
1991,Rhode Island,1.2,1.4,1.8,2.3,4.1
1992,Rhode Island,1.1,2.2,3.0,2.8,4.1
1993,Rhode Island,1.1,2.0,1.0,2.6,4.1
1994,Rhode Island,1.4,2.1,2.7,2.7,4.0
1995,Rhode Island,1.3,2.0,2.3,2.5,4.1
1996,Rhode Island,1.4,3.4,1.9,2.7,4.2
1997,Rhode Island,1.4,3.4,1.7,2.6,4.6
1998,Rhode Island,1.2,3.3,2.6,2.4,4.5
1999,Rhode Island,1.1,3.0,2.2,2.3,4.6
2000,Rhode Island,1.2,2.7,0.7,2.5,4.6
2001,Rhode Island,1.3,3.2,0.6,2.6,4.7
2002,Rhode Island,1.2,2.9,0.5,2.5,4.6
2003,Rhode Island,1.3,2.3,0.6,2.8,4.5
2004,Rhode Island,1.2,2.0,0.6,2.8,4.4
2005,Rhode Island,1.1,2.4,0.6,2.7,4.3
2006,Rhode Island,1.0,2.3,0.6,2.2,4.4
2007,Rhode Island,1.0,2.8,0.6,2.3,4.3
2008,Rhode Island,0.9,2.9,0.5,2.2,4.1
2009,Rhode Island,1.0,3.0,0.7,2.3,4.2
2010,Rhode Island,0.9,3.1,0.6,2.2,4.2
2011,Rhode Island,0.9,3.5,0.6,2.1,4.0
2012,Rhode Island,0.8,3.3,0.6,2.0,3.8
2013,Rhode Island,0.9,2.6,0.6,2.2,3.9
2014,Rhode Island,1.1,2.5,0.6,2.3,4.1
2015,Rhode Island,1.0,2.8,0.6,2.4,4.1
2016,Rhode Island,0.9,2.6,0.6,1.8,3.9
1980,South Carolina,2.1,20.0,12.8,2.6,17.7
1981,South Carolina,1.7,21.3,12.5,2.2,17.5
1982,South Carolina,1.5,20.2,10.8,1.9,17.5
1983,South Carolina,1.9,16.6,11.0,2.1,18.0
1984,South Carolina,1.8,17.6,12.2,2.5,18.7
1985,South Carolina,1.7,18.7,12.0,2.3,18.9
1986,South Carolina,1.9,18.6,11.4,2.4,19.6
1987,South Carolina,1.9,21.5,12.0,2.7,19.3
1988,South Carolina,2.0,22.2,12.7,2.6,21.2
1989,South Carolina,1.7,22.8,12.6,2.6,20.5
1990,South Carolina,1.4,22.2,12.9,2.1,21.9
1991,South Carolina,1.4,22.7,12.7,2.2,22.7
1992,South Carolina,1.6,22.1,13.0,2.2,21.9
1993,South Carolina,1.8,25.3,13.9,2.4,22.3
1994,South Carolina,1.7,25.8,13.4,2.2,22.7
1995,South Carolina,1.7,24.9,13.2,2.3,22.7
1996,South Carolina,1.8,28.7,12.6,2.5,23.2
1997,South Carolina,1.7,29.7,13.3,2.3,24.2
1998,South Carolina,2.0,31.4,12.8,2.2,25.6
1999,South Carolina,2.3,33.9,12.1,2.3,26.4
2000,South Carolina,1.8,36.9,12.6,2.4,27.0
2001,South Carolina,1.7,34.9,12.3,2.2,27.3
2002,South Carolina,1.6,35.6,12.7,2.2,27.9
2003,South Carolina,1.7,35.7,12.7,2.3,28.1
2004,South Carolina,1.7,38.9,12.3,2.4,32.1
2005,South Carolina,1.7,39.9,11.7,2.3,30.4
2006,South Carolina,1.8,40.0,10.7,1.9,31.9
2007,South Carolina,1.6,41.8,9.8,1.9,31.8
2008,South Carolina,1.7,41.9,8.9,1.9,30.1
2009,South Carolina,1.6,37.5,7.5,1.9,30.6
2010,South Carolina,1.8,40.9,7.8,2.3,30.7
2011,South Carolina,1.6,37.9,7.8,1.8,30.3
2012,South Carolina,1.6,33.4,7.1,1.5,29.4
2013,South Carolina,1.7,28.2,7.4,1.8,30.9
2014,South Carolina,1.8,32.5,7.7,2.1,30.2
2015,South Carolina,2.1,29.3,7.6,1.8,31.8
2016,South Carolina,2.2,27.5,7.6,1.8,32.6
1980,South Dakota,0.7,3.2,2.0,1.2,4.5
1981,South Dakota,0.7,3.0,1.9,1.1,4.3
1982,South Dakota,0.7,2.9,2.2,1.2,4.4
1983,South Dakota,0.7,2.6,1.8,1.1,4.2
1984,South Dakota,0.7,2.9,1.8,1.1,4.4
1985,South Dakota,0.8,2.8,1.7,1.1,4.6
1986,South Dakota,0.7,2.3,2.1,1.2,4.2
1987,South Dakota,0.8,1.0,2.1,1.2,4.4
1988,South Dakota,0.7,2.9,2.1,1.2,4.5
1989,South Dakota,0.7,2.8,2.4,1.4,4.5
1990,South Dakota,0.7,2.9,2.3,1.4,4.6
1991,South Dakota,0.7,3.2,2.1,1.2,4.4
1992,South Dakota,0.7,3.0,2.0,1.0,5.0
1993,South Dakota,0.7,2.9,2.4,1.2,5.1
1994,South Dakota,0.7,3.2,2.5,1.2,5.4
1995,South Dakota,0.8,3.0,2.3,1.2,5.5
1996,South Dakota,0.8,2.6,2.4,1.5,5.5
1997,South Dakota,0.8,3.4,2.4,1.3,5.4
1998,South Dakota,0.7,3.3,2.2,1.1,5.5
1999,South Dakota,0.7,3.7,2.3,1.1,5.7
2000,South Dakota,0.7,3.8,2.6,1.2,5.8
2001,South Dakota,0.7,3.9,2.1,1.1,5.7
2002,South Dakota,0.7,3.4,2.4,1.2,6.2
2003,South Dakota,0.7,3.6,2.4,1.2,5.8
2004,South Dakota,0.7,3.8,2.3,1.1,5.9
2005,South Dakota,0.7,3.3,2.3,1.0,6.0
2006,South Dakota,0.6,3.5,2.2,1.0,6.1
2007,South Dakota,0.7,3.0,2.9,1.0,6.3
2008,South Dakota,0.8,3.9,3.2,1.2,5.9
2009,South Dakota,0.8,3.4,3.3,1.2,6.1
2010,South Dakota,0.8,3.5,3.4,1.0,6.4
2011,South Dakota,0.8,2.8,3.7,1.0,6.4
2012,South Dakota,0.6,3.2,3.6,0.9,6.7
2013,South Dakota,0.8,3.1,4.0,1.1,6.5
2014,South Dakota,0.8,3.0,3.8,1.1,6.7
2015,South Dakota,0.7,1.9,3.9,0.9,6.8
2016,South Dakota,0.7,2.6,3.9,1.0,6.8
1980,Tennessee,3.5,47.5,16.8,3.2,28.8
1981,Tennessee,3.3,44.8,17.7,3.1,28.8
1982,Tennessee,3.3,36.8,15.8,3.0,28.1
1983,Tennessee,4.5,41.5,16.9,3.1,27.9
1984,Tennessee,4.5,42.5,17.4,3.2,29.8
1985,Tennessee,4.4,46.5,17.8,2.9,30.4
1986,Tennessee,3.4,47.2,17.6,2.8,32.5
1987,Tennessee,3.4,46.7,17.5,3.0,31.7
1988,Tennessee,3.8,47.8,18.0,3.5,32.2
1989,Tennessee,3.7,43.6,18.0,3.6,33.2
1990,Tennessee,3.4,47.1,18.0,3.3,32.6
1991,Tennessee,3.4,44.2,17.9,3.4,31.0
1992,Tennessee,3.6,46.6,19.1,3.7,32.4
1993,Tennessee,3.6,55.3,19.2,4.0,34.2
1994,Tennessee,3.5,49.1,19.3,3.9,35.1
1995,Tennessee,3.6,54.1,19.1,4.1,36.9
1996,Tennessee,4.0,52.7,18.8,4.8,38.1
1997,Tennessee,3.9,55.7,19.6,4.4,38.5
1998,Tennessee,3.5,54.3,19.3,4.1,39.4
1999,Tennessee,3.7,54.0,18.5,4.3,40.6
2000,Tennessee,3.9,58.8,18.2,4.8,41.3
2001,Tennessee,3.8,56.4,18.8,4.6,41.1
2002,Tennessee,3.7,53.9,18.2,4.7,43.6
2003,Tennessee,4.0,50.8,18.1,4.6,44.7
2004,Tennessee,3.8,53.4,17.4,4.4,44.8
2005,Tennessee,3.5,54.8,17.3,4.4,45.0
2006,Tennessee,3.4,56.9,17.4,4.1,45.4
2007,Tennessee,3.5,56.6,17.3,4.0,45.5
2008,Tennessee,3.7,53.7,16.6,4.4,42.1
2009,Tennessee,3.7,39.0,14.4,4.3,40.6
2010,Tennessee,3.9,43.3,15.4,4.8,42.2
2011,Tennessee,3.6,40.5,15.8,4.1,42.1
2012,Tennessee,3.1,37.3,15.5,3.2,40.6
2013,Tennessee,3.5,33.6,16.4,4.2,40.6
2014,Tennessee,3.8,37.1,16.4,4.8,41.6
2015,Tennessee,3.9,33.5,16.1,4.1,42.3
2016,Tennessee,3.7,35.9,16.2,3.6,43.7
1980,Texas,14.7,142.4,209.3,13.7,128.6
1981,Texas,15.0,147.9,191.4,12.9,130.0
1982,Texas,14.5,151.1,158.3,13.3,133.8
1983,Texas,19.0,155.8,152.5,13.1,133.0
1984,Texas,13.9,161.9,156.7,13.9,138.5
1985,Texas,12.7,166.6,154.0,13.3,143.3
1986,Texas,11.3,163.6,154.3,12.2,146.9
1987,Texas,12.5,165.5,159.3,13.2,143.6
1988,Texas,12.9,171.8,177.3,13.0,151.4
1989,Texas,12.9,184.6,183.1,14.1,152.1
1990,Texas,11.8,182.5,195.6,13.0,152.5
1991,Texas,11.9,181.7,194.0,13.1,149.5
1992,Texas,12.1,179.4,191.9,12.7,153.1
1993,Texas,10.8,196.2,195.1,13.5,152.0
1994,Texas,11.2,190.0,198.6,12.6,155.6
1995,Texas,13.0,190.3,203.9,12.1,153.4
1996,Texas,11.2,200.8,224.4,13.1,165.9
1997,Texas,13.2,205.4,238.8,13.6,170.3
1998,Texas,11.2,214.7,230.0,12.1,179.5
1999,Texas,11.4,218.8,203.7,11.7,177.9
2000,Texas,13.7,227.6,211.1,12.9,182.1
2001,Texas,11.8,218.9,206.2,14.0,189.8
2002,Texas,14.3,225.3,201.2,13.9,196.4
2003,Texas,14.2,225.2,202.3,13.4,189.9
2004,Texas,11.9,224.3,197.3,12.1,192.3
2005,Texas,10.6,228.8,156.5,12.0,193.7
2006,Texas,9.7,226.9,163.2,10.5,201.0
2007,Texas,10.1,229.5,153.7,12.5,202.8
2008,Texas,10.8,227.2,129.8,12.0,195.0
2009,Texas,11.1,216.5,115.0,11.7,186.8
2010,Texas,12.1,220.4,139.1,13.7,191.0
2011,Texas,12.6,237.7,141.7,12.0,191.1
2012,Texas,11.1,222.1,155.3,10.2,191.4
2013,Texas,11.5,226.2,161.5,12.3,208.5
2014,Texas,12.1,224.8,155.3,14.0,211.7
2015,Texas,13.3,213.6,162.3,12.8,216.6
2016,Texas,12.6,207.5,198.0,10.8,224.8
1980,Utah,1.5,10.8,10.9,3.6,9.0
1981,Utah,0.6,10.8,10.1,3.3,8.7
1982,Utah,1.7,10.9,8.3,2.5,8.7
1983,Utah,1.4,11.3,8.2,3.4,9.0
1984,Utah,1.4,12.3,9.4,3.4,9.1
1985,Utah,1.3,14.1,8.2,3.6,9.4
1986,Utah,1.0,14.7,6.6,3.1,10.1
1987,Utah,1.5,24.5,5.1,2.6,10.4
1988,Utah,1.8,27.2,8.9,2.7,10.7
1989,Utah,1.6,28.1,9.2,2.9,10.2
1990,Utah,1.7,29.5,9.6,2.8,10.6
1991,Utah,1.9,28.0,9.0,3.1,11.0
1992,Utah,1.6,30.2,8.8,2.7,11.2
1993,Utah,1.7,30.9,9.1,3.1,11.6
1994,Utah,1.9,31.9,9.1,2.9,11.8
1995,Utah,1.9,30.0,10.3,2.9,12.9
1996,Utah,2.0,30.2,9.9,3.1,13.4
1997,Utah,2.2,31.2,10.0,3.4,14.0
1998,Utah,2.2,32.2,11.4,3.2,14.3
1999,Utah,2.2,32.9,9.0,3.2,14.8
2000,Utah,2.1,33.5,10.5,3.3,15.6
2001,Utah,2.3,32.9,9.3,3.3,15.0
2002,Utah,2.6,34.1,6.2,3.5,15.5
2003,Utah,2.2,35.1,6.4,3.2,15.8
2004,Utah,2.5,35.2,7.5,3.6,16.4
2005,Utah,2.3,35.8,8.7,3.4,16.6
2006,Utah,2.2,36.2,7.7,3.5,18.3
2007,Utah,2.3,38.1,7.9,3.5,18.2
2008,Utah,2.4,38.6,7.5,3.9,16.7
2009,Utah,2.4,35.7,6.4,3.8,16.1
2010,Utah,2.4,34.8,6.7,3.8,16.0
2011,Utah,2.6,33.6,6.9,4.0,17.0
2012,Utah,2.3,31.8,7.5,3.4,16.4
2013,Utah,2.7,34.9,8.0,4.1,17.1
2014,Utah,2.5,34.4,7.8,3.6,16.8
2015,Utah,2.4,32.9,7.6,3.4,17.3
2016,Utah,2.6,27.5,7.4,3.7,17.7
1980,Vermont,0.5,0.1,0.5,1.2,2.4
1981,Vermont,0.5,0.1,0.5,1.1,2.4
1982,Vermont,0.4,0.1,0.5,0.8,2.3
1983,Vermont,0.3,0.1,0.5,1.1,2.4
1984,Vermont,0.4,0.1,0.5,1.4,2.6
1985,Vermont,0.5,0.1,0.5,1.5,2.6
1986,Vermont,0.5,0.0,0.6,1.2,2.7
1987,Vermont,0.6,0.0,0.6,1.3,3.0
1988,Vermont,0.6,0.0,0.6,1.4,3.1
1989,Vermont,0.6,0.0,0.5,1.5,3.0
1990,Vermont,0.6,0.0,0.5,1.4,3.0
1991,Vermont,0.6,0.1,0.5,1.5,3.0
1992,Vermont,0.7,0.0,0.6,1.6,3.2
1993,Vermont,0.7,0.0,0.6,1.5,3.4
1994,Vermont,0.7,0.0,0.5,1.5,3.4
1995,Vermont,0.6,0.0,0.4,1.4,3.6
1996,Vermont,0.7,0.0,0.4,1.5,3.7
1997,Vermont,0.7,0.0,0.7,1.5,3.6
1998,Vermont,0.8,0.1,0.5,1.4,3.6
1999,Vermont,0.7,0.0,0.7,1.4,3.7
2000,Vermont,0.8,0.1,0.6,1.6,3.7
2001,Vermont,0.8,0.0,0.5,1.6,3.7
2002,Vermont,0.7,0.0,0.5,1.5,3.6
2003,Vermont,0.8,0.0,0.5,1.6,3.7
2004,Vermont,0.8,0.0,0.6,1.8,3.8
2005,Vermont,0.7,0.0,0.6,1.6,3.8
2006,Vermont,0.7,0.0,0.6,1.5,3.9
2007,Vermont,0.7,0.0,0.5,1.5,3.8
2008,Vermont,0.6,0.0,0.5,1.3,3.5
2009,Vermont,0.7,0.0,0.5,1.5,3.5
2010,Vermont,0.6,0.0,0.5,1.3,3.5
2011,Vermont,0.6,0.0,0.6,1.3,3.4
2012,Vermont,0.6,0.0,0.5,1.1,3.3
2013,Vermont,0.8,0.0,0.4,1.3,3.3
2014,Vermont,0.8,0.0,0.4,1.4,3.3
2015,Vermont,1.0,0.0,0.4,1.4,3.3
2016,Vermont,0.9,0.0,0.4,1.3,3.4
1980,Virginia,3.6,20.7,16.7,7.1,34.4
1981,Virginia,3.3,18.7,16.3,5.8,34.4
1982,Virginia,3.7,17.3,15.3,5.6,33.1
1983,Virginia,4.4,17.2,15.9,5.8,33.9
1984,Virginia,4.5,18.8,18.1,7.3,34.1
1985,Virginia,4.2,18.1,17.4,7.1,35.5
1986,Virginia,4.6,20.2,17.6,7.4,37.4
1987,Virginia,4.9,22.3,18.6,7.7,40.1
1988,Virginia,4.8,22.6,18.9,8.2,42.4
1989,Virginia,4.5,28.5,18.5,7.8,40.7
1990,Virginia,4.4,23.2,19.6,6.4,41.4
1991,Virginia,4.2,25.3,20.1,6.3,40.5
1992,Virginia,4.6,26.9,18.9,6.9,40.3
1993,Virginia,5.0,31.5,17.3,7.1,41.0
1994,Virginia,5.1,29.4,17.7,7.0,41.7
1995,Virginia,5.3,30.6,17.6,7.1,42.4
1996,Virginia,6.1,33.4,17.5,8.0,42.8
1997,Virginia,5.6,34.7,17.8,7.7,44.2
1998,Virginia,5.4,37.0,17.6,7.0,44.9
1999,Virginia,5.4,38.5,17.2,7.2,45.7
2000,Virginia,5.9,43.1,17.3,8.2,48.4
2001,Virginia,5.4,42.6,16.7,7.4,48.4
2002,Virginia,5.0,41.7,16.6,7.2,48.6
2003,Virginia,5.8,41.3,17.6,8.2,50.4
2004,Virginia,5.6,41.0,17.8,8.3,54.3
2005,Virginia,5.6,41.8,17.9,8.4,55.2
2006,Virginia,5.0,37.2,16.9,6.9,56.4
2007,Virginia,5.1,41.8,17.1,7.3,56.4
2008,Virginia,4.9,36.5,16.5,6.9,51.7
2009,Virginia,4.9,31.3,12.7,6.9,49.7
2010,Virginia,5.0,34.3,13.0,7.1,49.2
2011,Virginia,4.6,28.5,12.9,6.3,47.5
2012,Virginia,4.5,25.2,13.0,5.4,49.7
2013,Virginia,4.9,30.9,13.0,6.5,49.8
2014,Virginia,5.4,30.3,12.7,7.0,48.8
2015,Virginia,5.9,31.8,11.8,6.5,47.2
2016,Virginia,5.8,33.6,11.7,5.7,47.5
1980,Washington,2.9,7.7,11.8,3.4,30.0
1981,Washington,2.7,7.6,11.6,3.2,29.2
1982,Washington,3.5,5.9,11.0,3.3,27.2
1983,Washington,3.4,6.6,8.9,2.9,26.1
1984,Washington,4.0,6.9,11.9,3.2,27.9
1985,Washington,4.7,7.9,10.3,3.4,29.7
1986,Washington,3.2,5.1,11.1,3.1,34.7
1987,Washington,3.2,8.3,11.3,2.9,35.6
1988,Washington,3.8,8.7,12.0,3.3,37.4
1989,Washington,3.4,9.0,10.8,3.5,40.4
1990,Washington,3.2,7.5,11.0,3.5,41.1
1991,Washington,3.3,7.9,10.4,3.8,41.8
1992,Washington,2.8,10.1,10.8,3.5,46.5
1993,Washington,3.1,10.2,10.9,4.2,42.4
1994,Washington,3.1,11.9,12.5,4.2,43.4
1995,Washington,3.2,8.3,12.1,4.1,45.5
1996,Washington,3.3,10.7,12.8,4.7,44.7
1997,Washington,3.3,9.0,12.7,4.8,45.7
1998,Washington,3.1,11.7,13.5,4.7,43.0
1999,Washington,3.5,10.7,12.9,5.3,43.8
2000,Washington,3.5,14.1,10.7,5.2,44.6
2001,Washington,3.9,14.0,11.4,6.0,42.7
2002,Washington,3.3,11.4,9.9,5.5,41.4
2003,Washington,3.3,14.1,9.8,4.9,41.4
2004,Washington,3.1,14.0,9.7,4.9,43.0
2005,Washington,3.3,14.0,10.0,5.0,43.4
2006,Washington,3.4,9.6,10.8,5.1,44.5
2007,Washington,3.4,11.9,10.9,5.2,47.4
2008,Washington,3.9,12.7,11.1,5.6,42.2
2009,Washington,3.7,12.6,10.0,5.6,41.4
2010,Washington,3.7,13.1,10.5,5.1,41.1
2011,Washington,3.8,7.4,10.8,5.6,41.0
2012,Washington,3.7,6.2,10.8,5.1,42.5
2013,Washington,3.8,11.7,10.9,5.3,41.5
2014,Washington,3.8,11.7,10.4,5.1,40.5
2015,Washington,4.1,10.8,10.6,4.7,43.2
2016,Washington,4.4,9.5,11.0,5.1,48.9
1980,West Virginia,1.7,65.1,22.4,3.5,10.2
1981,West Virginia,2.0,68.8,20.1,3.3,9.9
1982,West Virginia,1.7,64.1,17.6,3.0,9.5
1983,West Virginia,1.9,67.5,15.2,2.7,10.3
1984,West Virginia,1.9,72.2,17.3,2.8,10.9
1985,West Virginia,1.6,73.4,13.6,2.6,10.7
1986,West Virginia,1.6,72.2,15.2,2.6,9.6
1987,West Virginia,1.6,71.8,15.5,2.6,10.1
1988,West Virginia,1.9,74.6,16.9,2.7,10.4
1989,West Virginia,2.0,76.1,17.8,2.7,10.5
1990,West Virginia,2.0,70.3,18.1,2.4,10.3
1991,West Virginia,1.8,65.3,15.8,2.3,10.2
1992,West Virginia,1.9,67.1,14.5,2.5,11.0
1993,West Virginia,1.8,67.2,15.3,2.5,11.4
1994,West Virginia,1.8,73.4,16.1,2.5,12.0
1995,West Virginia,1.8,73.1,14.9,2.4,12.2
1996,West Virginia,2.0,78.2,13.2,2.7,11.0
1997,West Virginia,1.9,82.3,11.9,2.6,12.0
1998,West Virginia,2.0,83.2,14.1,2.3,12.5
1999,West Virginia,2.1,85.8,12.2,2.4,12.2
2000,West Virginia,2.2,84.4,12.6,2.4,12.6
2001,West Virginia,1.9,74.9,11.9,2.4,12.4
2002,West Virginia,1.7,86.8,13.6,2.2,12.3
2003,West Virginia,1.8,85.9,11.4,2.3,11.7
2004,West Virginia,1.7,82.0,11.5,2.3,12.3
2005,West Virginia,1.8,85.1,10.5,2.1,12.5
2006,West Virginia,1.6,85.5,10.6,2.0,12.4
2007,West Virginia,1.6,86.8,11.8,1.9,12.3
2008,West Virginia,1.6,84.4,11.5,1.9,10.8
2009,West Virginia,1.5,65.9,9.0,1.8,11.1
2010,West Virginia,1.6,74.3,11.2,1.9,11.4
2011,West Virginia,1.6,72.0,11.4,1.7,11.0
2012,West Virginia,1.5,66.9,10.7,1.5,11.4
2013,West Virginia,1.6,68.7,11.0,1.9,11.1
2014,West Virginia,1.6,73.4,11.9,1.9,11.1
2015,West Virginia,1.7,66.0,11.2,1.8,11.4
2016,West Virginia,1.7,68.8,10.2,1.6,12.2
1980,Wisconsin,5.1,26.4,16.1,10.9,23.3
1981,Wisconsin,4.3,26.2,15.2,9.9,22.7
1982,Wisconsin,4.5,25.8,15.1,10.3,21.5
1983,Wisconsin,5.5,28.5,14.0,9.0,21.7
1984,Wisconsin,6.2,29.8,13.9,9.6,21.6
1985,Wisconsin,5.6,29.4,13.7,9.9,22.1
1986,Wisconsin,4.1,30.4,13.6,9.6,22.5
1987,Wisconsin,4.4,32.0,13.6,9.2,22.6
1988,Wisconsin,4.9,32.8,14.1,10.3,24.2
1989,Wisconsin,5.2,32.5,14.5,10.6,24.4
1990,Wisconsin,4.8,32.9,14.5,9.4,24.1
1991,Wisconsin,5.0,34.1,14.8,10.1,24.0
1992,Wisconsin,4.8,33.2,14.7,9.9,24.5
1993,Wisconsin,5.2,34.1,15.3,10.6,25.3
1994,Wisconsin,5.1,35.9,15.8,10.1,26.8
1995,Wisconsin,5.5,37.6,15.8,10.3,27.3
1996,Wisconsin,6.0,39.4,16.1,11.5,27.7
1997,Wisconsin,5.9,42.6,16.5,10.4,27.9
1998,Wisconsin,5.6,41.9,15.4,8.9,29.5
1999,Wisconsin,5.7,42.6,17.0,10.1,30.2
2000,Wisconsin,5.6,44.3,18.0,10.2,29.6
2001,Wisconsin,5.4,44.0,17.0,9.8,29.5
2002,Wisconsin,5.8,43.6,17.2,10.5,29.6
2003,Wisconsin,6.1,43.5,15.3,10.6,29.2
2004,Wisconsin,5.7,44.7,16.2,10.2,30.5
2005,Wisconsin,6.2,48.7,15.7,9.9,30.0
2006,Wisconsin,5.3,43.1,14.9,8.9,30.5
2007,Wisconsin,5.5,43.8,15.0,9.4,30.6
2008,Wisconsin,6.5,44.4,14.3,10.1,29.5
2009,Wisconsin,5.8,39.5,12.5,9.3,28.8
2010,Wisconsin,5.2,42.6,12.6,8.6,29.3
2011,Wisconsin,5.5,41.8,13.0,8.9,28.3
2012,Wisconsin,4.7,37.0,12.6,7.6,28.2
2013,Wisconsin,6.0,43.3,13.8,9.7,28.0
2014,Wisconsin,6.5,39.7,14.3,10.4,30.2
2015,Wisconsin,6.0,41.5,13.7,8.9,29.8
2016,Wisconsin,5.9,38.5,13.0,8.7,29.5
1980,Wyoming,0.7,22.3,10.8,0.7,6.2
1981,Wyoming,0.6,27.0,10.1,0.7,6.2
1982,Wyoming,1.1,28.6,9.8,1.0,5.6
1983,Wyoming,0.9,26.5,8.4,1.1,4.7
1984,Wyoming,0.9,30.6,8.5,1.0,4.8
1985,Wyoming,0.9,34.9,8.3,1.0,4.8
1986,Wyoming,0.9,28.6,7.7,0.9,4.5
1987,Wyoming,0.9,37.0,8.5,0.9,5.4
1988,Wyoming,0.9,38.9,8.3,0.9,5.9
1989,Wyoming,0.8,36.7,8.8,0.8,6.0
1990,Wyoming,0.8,39.2,10.1,0.8,5.7
1991,Wyoming,0.9,38.3,9.7,0.9,5.3
1992,Wyoming,0.7,41.9,11.7,0.8,5.5
1993,Wyoming,1.0,40.1,10.1,0.9,5.9
1994,Wyoming,1.0,42.1,10.4,0.8,5.8
1995,Wyoming,0.9,39.6,9.9,0.9,6.7
1996,Wyoming,1.3,40.4,10.0,0.9,6.7
1997,Wyoming,0.9,40.0,10.0,0.8,6.8
1998,Wyoming,0.9,44.5,10.3,0.8,7.0
1999,Wyoming,0.9,42.7,9.6,0.8,8.0
2000,Wyoming,1.0,44.0,9.5,0.8,7.5
2001,Wyoming,1.0,44.0,9.7,0.8,7.7
2002,Wyoming,0.9,42.5,9.9,0.9,7.6
2003,Wyoming,0.9,43.6,10.0,0.8,8.4
2004,Wyoming,0.9,44.1,9.8,0.8,8.0
2005,Wyoming,0.8,43.3,9.7,0.8,8.3
2006,Wyoming,0.8,43.1,10.7,0.8,8.5
2007,Wyoming,0.9,43.5,12.2,0.9,8.7
2008,Wyoming,0.9,44.0,12.3,1.0,8.5
2009,Wyoming,0.9,41.9,11.5,0.9,8.2
2010,Wyoming,0.9,42.8,12.0,0.9,8.3
2011,Wyoming,1.2,41.1,13.0,1.0,7.6
2012,Wyoming,1.0,43.4,12.9,0.8,8.0
2013,Wyoming,1.1,46.2,12.3,0.9,7.7
2014,Wyoming,1.1,43.2,12.0,0.9,8.1
2015,Wyoming,1.1,43.3,10.5,0.8,7.6
2016,Wyoming,1.1,40.3,10.7,0.9,7.8
